,predicted_labels,optimal_length,ARI
DodgerLoopWeekend_1,"[0 0 0 0 0 0 0 0 0 0 1 1 1 1 1 1 1 1 1 1 0 0 0 0 0 0 0 0 0 0 0 0 0 0 0 0 0
 1 0 0 0 0 1 0 0 0 0 0 0 0 0 0 0 0 0 0 0 1 0 0 0 0 0 0 0 1 0 0 0 0 0 0 0 0
 0 0 0 0 0 0 0 0 0 0 0 0 0 0 0 0 0 0 0 0 0 0 0 0 0 0 0 0 0 0 0 0 0 0 0 0 0
 0 0 0 0 0 0 0 0 0 0 0 1 1 1 1 1 1 1 1 1 1 1 1 1 1 1 1 1 1 1 1 1 1 0 1 1 1
 1 1 1 1 1 1 1 1 1 1]",,0.8736763842160834
ECG200_1,"[1 0 1 0 0 0 1 0 0 0 0 1 1 0 1 0 0 0 1 1 1 1 0 1 0 0 0 0 0 0 0 0 0 0 0 1 0
 0 1 0 1 1 0 1 1 0 1 1 0 1 0 1 0 1 0 0 0 1 0 0 0 1 0 0 0 1 0 0 0 0 1 0 1 0
 0 0 0 0 0 0 1 0 0 0 1 1 0 0 1 0 1 1 0 1 1 1 0 0 1 0 0 0 1 0 1 0 1 0 0 1 0
 0 1 1 1 1 0 0 0 0 1 0 1 0 0 0 1 1 0 0 0 0 1 0 1 0 0 0 1 1 0 1 0 0 0 0 0 1
 0 0 0 0 1 1 1 0 0 1 1 1 1 0 0 1 1 1 0 0 0 0 0 0 0 0 0 1 0 1 0 0 0 1 1 0 1
 1 0 1 0 0 0 1 1 0 1 0 0 1 0 1]",,0.30666539268500154
ECG5000_1,[4 1 4 ... 2 3 2],,0.4200930169120001
ECGFiveDays_1,"[1 0 0 1 0 1 1 0 1 0 0 0 0 0 0 0 0 1 1 0 0 1 1 0 1 1 1 0 0 0 0 0 0 0 1 1 0
 0 0 1 0 0 1 1 1 1 1 1 1 1 1 1 1 1 1 1 1 0 1 1 0 1 1 1 1 1 0 1 1 0 0 0 0 0
 0 1 1 0 1 0 1 0 0 1 1 1 1 1 0 0 1 0 1 0 0 0 1 1 0 1 1 0 1 0 1 1 1 0 1 0 0
 0 1 1 1 1 0 1 1 0 0 1 1 0 0 0 1 1 0 0 0 0 1 1 1 0 0 1 1 0 0 0 1 0 0 1 0 1
 1 0 0 0 1 1 1 0 1 0 0 0 1 1 1 0 0 1 0 0 0 1 0 0 1 0 1 0 0 0 0 0 0 0 1 0 1
 0 0 0 0 1 1 0 0 0 0 0 0 0 1 0 0 0 0 0 0 1 1 1 1 1 0 0 1 0 1 0 1 0 0 1 1 0
 1 0 0 0 0 0 0 1 0 0 1 1 0 1 0 0 1 1 1 0 1 1 0 0 1 1 1 0 1 1 0 0 1 0 0 1 1
 0 0 0 0 1 1 1 1 1 0 1 0 0 1 1 0 1 1 0 0 0 1 1 1 0 0 0 0 1 0 0 0 0 1 0 0 1
 1 1 0 0 1 0 1 1 0 1 1 0 0 1 1 1 0 0 1 0 0 1 0 1 1 0 1 0 0 1 0 0 0 1 1 1 0
 0 0 1 0 0 1 0 1 0 0 1 1 0 0 0 0 1 1 0 1 1 1 0 0 1 0 1 0 1 0 1 0 0 1 0 1 1
 1 0 0 1 1 0 1 1 1 0 1 0 0 1 0 0 0 0 0 1 1 0 1 0 1 0 1 0 0 0 0 0 0 0 0 0 0
 0 0 1 0 0 0 0 1 0 0 0 0 1 0 1 1 1 0 1 1 1 0 1 1 0 1 1 1 0 0 1 1 0 1 0 1 0
 0 0 0 0 0 0 1 1 1 1 0 1 1 0 1 0 1 0 0 0 0 1 0 1 1 0 1 0 1 0 0 1 1 0 0 0 1
 1 1 1 1 1 0 1 1 1 1 1 1 1 1 0 0 1 1 0 1 1 1 1 0 0 1 1 0 0 0 0 0 1 0 1 0 0
 1 0 0 1 0 1 1 0 0 0 1 1 0 0 0 0 1 0 1 0 0 0 1 1 1 1 1 0 1 0 1 0 1 0 0 1 0
 0 1 0 0 0 1 0 1 1 0 1 0 0 0 1 1 0 0 1 0 1 1 0 0 0 1 0 1 1 1 1 1 1 1 1 1 1
 0 0 1 0 0 0 1 0 0 1 1 1 0 1 1 1 1 0 1 1 1 0 0 1 1 0 1 0 0 1 1 0 0 1 1 1 0
 0 1 1 0 0 0 0 0 0 0 1 0 0 0 1 0 1 0 0 0 0 1 1 1 0 1 1 0 1 1 1 0 0 1 1 0 1
 1 1 0 0 1 1 1 1 0 0 0 0 1 1 1 0 1 1 1 1 1 0 0 0 1 0 0 0 0 0 1 1 0 0 1 0 0
 0 1 1 0 0 0 1 1 0 0 1 1 0 0 0 0 1 1 1 1 0 1 1 0 0 0 1 0 0 0 0 1 0 1 1 0 1
 1 1 1 1 1 1 1 1 0 0 0 0 0 0 0 1 0 1 0 0 0 0 1 1 1 1 0 0 0 1 1 0 1 1 0 1 1
 0 0 1 1 0 1 1 0 0 1 1 0 1 0 0 0 1 1 0 0 0 1 1 1 0 0 1 0 1 0 0 0 0 0 0 1 1
 1 1 0 0 0 1 0 0 0 1 1 0 1 1 1 1 1 1 0 0 1 1 1 0 1 0 1 0 1 0 1 1 1 1 0 0 1
 1 0 0 0 0 0 1 1 1 1 1 1 1 1 1 1 1 1 0 1 1 1 0 0 0 0 1 0 1 1 0 1 1]",,0.14007616036543383
EOGHorizontalSignal_1,"[ 2  9  6 10 10  6  9 10 10 11  4  7  4  4  0  0  7  4  8  0  4  7  0  8
  8  7  4  4  4 11 11  2  9  9  9  9 11  9  9  9  9  9  6  2  9  6  6 10
 11 11  8  8  5  8  6 11 11  7  8  5  8  3  8  8  8  8  8  8  8  8 11  7
  0  0 11  0  0  7  7  6 11  1  0  0  7  1  0  0  0  0  9  2  9  9  9  9
  3  3 10  3  3  8  8  3  7  4  8  7  8 11  0  4  1 10  1  0  7  1 11  9
  2  9  9 11  2  9  9  2  2  6  1  4  1  0  7  7  1  4  1  4  0  4  0  4
  4  1  7  7  0  0  9  2  9  6  2  9  9  9  2  9  2  2  2  2  9  9  8  2
  2  2  9  8  6  0  9  9  1  9  6 10  8  8  0  8  3  3  6  8  8  3  9  9
  9 11  6 11  9  6 11  9  0  1  7  1  4  7  0  0  7  0  2  2  9  2  9 11
  2  9  6  2  3 11  8 11  8 11 11 11  3  3  7  4  0  1  7  7  7  1  7  1
  0  7  0  2 11 10 10  6 11  2  1 10  1  4  7  4  4  4  4  1  1  1  1  7
  4  7  4  0  1  4  7  7  0  7  7  7  7  1  9  7 11  6  6 11  9  2  2  9
 11 10  5  3  3  5  3  3  3  5  3  5  3  5  5  5  5  5  5  5  5  3  5  3
  9 11 11 11  5  8  5 11  5  8  7  1  0  9  7  9  0  1  7  1  7  2 10  2
  2  2  9  2  2  2  3  5  3  5  3  5  3  3  3  5  7  7  7  4  1  1  1  4
  7  7 10  1  4 10 11 11 10  2  9  2  4  0  0  7  4  0  4  1  0  7  1  7
  7  7  1  1  1  7  1 10 10  1  2  9  7  4  0  7  5 10 10  0  4 11  2  0
 10  7 10  7  2 10  5  9  9 10 11  8  8  3  3  3  3  3  3  5  5  5  3  3
  9 11  3  5 10  5  8  5  5 11  7  0  4  1  4  4  1  1  7  7  4 10 11  1
 11  7  5  2  5  6  7  8  3  3  3  3  3  5  3  3  5  4  7  1  7  7  0  0
  4  1  4  6  9  6  9 11  9  6  9 10  8  1  0  1  1  7  7  7  1  0  0  7
  0  1  0  7  4  1  1  1  1  9  7 11  9  9  9  2  8  2  9 11 11  2  9  6
  6 11  6  6 11  6  2 11  2 11 11  9  8  9  2 10  3  3  3  3  5  5  3  3
  3 10  6 11  9  9  9 11  6  7 11  0 11  1  7  0  7  0 11  7  0  9 11  9
  6 11  9  9  9  2  2  3 11  3  3  3  5  3  5  3  8  5  4  0  1 11  0  1
  7 11  0  2  2  2  9  2 11  2  2  2  2  1  1  4  4  1  7  1  4  4  4  1
  4  1  7  7  7  1  1  1  4  9 10  8  9 11  9 11  2  9  2  2  2  6  2  2
  9 11  2  2  2  6  8  2  9  8  5  8  5  8  8  5  3  5  3  5  3  3  8 11
  3  3  9  6  9  9  2  9  9  9 11  9  7  1  1  0  2  6  1  0 11  7  9  6
  2  2  2  6  6  6 11  2  8  8 11  3  5  5  3  3  3  3  4  7  4  4  0  4
  1  1  4 10]",,0.1270369397153257
EOGVerticalSignal_1,"[ 3  8 10  9 10 10  3  3  2  8  4  8  5  2  5  5  8  4  8  5  9  5  5  7
  5  8  5  7  2  5  8  2  2  7  5  7  5  8  5  5  2  8  4 10  9 10 10  2
  4  4 10 10  4  5  5  3  4 10  6  3 10  4 10  2  4 10 10 10  6  4  5  5
  9  8  5  9  5  5  5  9  6  5  5  5  5  5  5  5  5  8  8  7  6  7  7  7
  8  1  7  7  8  8  6  5  3 10 10  4 10 10  2  8  2  2  2  5  1  2 10  8
  2  6  2  4  2  6  6 10 10  6  5  7  7  6  9  7  3  0  9  7  3  7  7  7
  5  0  8  5  0  9  3  3  5  6  5  3  9  9  5  3  2  1  2  2  6  2  3  4
  1  4  3  7  4  2  4  2  4  2  5  3  3  8  3  1  2  6  0  6  2  6  3  7
  4  7  9  5  4  7  7  7  6  7  7  6  6  7  6  5  0  0  5  7  3  3  6  6
  7  6  1  7  7  9  2  2  2  4  0  4  8  9  3  4  3  7  7  5  0  0  6  4
  8  6 11  4  8  3 11 11 11 10  5  7  7  3 10  9  1  3  9  1  3  3  5  4
  1  8  4  0  1  8  4  4  8  1  5  3  8  5  8  1  9 11 10 11 11  8  8 11
  0 11 10  7  5  4  2  4  4  6  6  2  4  6  9  1  1  6  1  9  1  1  1  1
  9  5  7  5  4  4  8  8  5  4  1  9 11  1  0  8  0  0  8  1  1  4  1  3
  4  3  3  3  3  3  0  1  4  1  1  7  1  7  1  4  0  1  2  2  4 10 10  6
  3  6  7  6  3  8  2  4 10  8 10  6  7  3  3  7  4  7  7  9  5  5  9  9
  9  5  7  7  6  9  9  1 11  7  6  7  9  7  7  5  6  2  1  7  2  6  6  2
 10  2 10  7  9  8  8  6  2  8  2  6  2  6  2  9  6 10  4  3  6  2  3  2
  9  7  9  0  9  7  0  0  7  0  9  9  6  0  2  2  0  2  0  4  4  9  9  7
  7  6  3  6  1  7  4  6  6  7  7  0  6  7  0  6  0 10  2  4  2  2  4  4
  6  2 10  6 10  8 10 10  6  8  6  9  8  2  8  5  5  7  7  6  7  5  8  8
  8  4  7  8  5  5  5  7  8  8  7  9  8  2  6  6  2  9  2  2 10  6  2 10
 10 10  2  6 10  5  2  3  6  3  4  0  2  6  2  2  6  4  2 10  2  2  6  2
  2  3  7  2  2  6  5  2  7  3  3  6 10 10  0  0  7  0  0  6  9  7  3  7
  7  7  7  6  7  7  4  2  6  2  7  7  0  2  7  6  6  7 10 10  2 10  2  2
  2 10  3 10 10  2 10 10  0 10 10 10  2  4  0  4  9  0  0  0  7  0  3  0
  3  0  1  0  0  0  0  0  0  6  9  7  7  0  9  1  0  5  5  3  4 10  6  4
  6  4  1  1  6  4  4  8  2  9  7  4  2  9  6  3  1  3  1 10  1  9  2  8
  2  1  3  7  0  6  0  0  1  1  1  7  1  0  0  1  0  0  1  1  1  1  3  3
  1  0  8  1  1  1  1  3  0  1  0  1  4  0  4  1  6  1  6  1  6  9  1  1
  8  5  9 11]",,0.041530620790594976
Earthquakes_1,"[1 0 1 0 0 0 0 0 0 0 1 1 0 0 0 1 0 1 0 1 1 0 1 1 0 0 1 0 1 1 1 1 0 1 0 1 1
 0 0 0 0 1 1 0 1 1 1 0 0 0 1 1 1 1 0 0 1 0 1 1 0 0 1 1 1 0 1 1 1 1 0 1 1 0
 1 0 0 1 1 1 0 0 1 1 1 0 0 1 1 1 0 1 1 1 0 1 1 0 0 0 0 0 1 0 1 1 0 1 1 0 1
 1 1 0 1 1 1 0 1 0 1 0 1 0 0 0 0 1 1 0 1 1 1 0 0 1 1 1 0 1 1 0 0 0 1 1 0 0
 1 1 1 1 1 0 1 0 1 0 0 1 0 1 1 0 1 0 1 1 0 0 0 0 0 0 0 1 0 0 0 1 0 0 0 1 1
 1 1 0 0 0 1 1 1 1 0 0 1 0 1 1 0 1 0 1 1 0 0 0 1 1 1 1 1 0 1 0 1 1 0 0 0 0
 1 0 0 0 1 1 1 0 1 1 1 1 1 0 0 1 1 1 1 1 1 0 0 0 1 1 1 1 1 0 0 0 1 1 1 0 0
 0 1 0 1 1 1 1 0 0 0 0 0 0 1 1 0 0 1 0 0 0 1 0 1 1 1 1 0 1 1 0 0 0 1 0 0 1
 1 1 0 0 0 0 0 0 1 1 0 0 1 0 1 1 1 1 1 1 1 0 1 0 1 0 0 0 1 1 0 1 0 1 1 1 1
 0 1 1 1 1 1 1 1 1 1 0 0 0 1 1 1 0 1 1 1 1 1 1 1 0 0 1 1 1 1 0 0 1 0 1 0 1
 0 1 0 0 1 1 0 1 0 1 0 1 1 1 1 0 1 1 1 0 1 0 1 0 0 0 0 0 1 0 1 1 1 0 0 0 0
 1 1 0 0 0 0 1 0 1 1 0 1 1 0 0 1 1 1 1 1 0 1 1 1 1 0 0 0 0 0 0 1 0 0 0 0 1
 1 1 1 0 1 0 1 1 1 1 0 1 1 1 0 1 0]",,-0.002419894
FaceAll_1,[ 7  7  9 ... 12  2  9],,0.35771374652908017
FaceFour_1,"[1 2 0 0 1 0 0 0 0 0 0 2 0 1 3 1 3 2 3 0 0 0 1 0 2 0 1 0 0 0 3 2 1 2 0 2 1
 1 2 1 1 2 1 0 0 1 1 0 1 0 2 1 2 3 3 1 2 0 3 0 0 2 2 0 1 2 2 0 0 1 2 2 0 0
 0 1 1 2 0 0 0 2 2 2 2 2 3 1 2 1 0 1 0 0 2 0 1 0 0 0 1 1 2 1 2 0 3 0 0 0 1
 3]",,0.5173530116483247
FacesUCR_1,[4 5 0 ... 2 2 4],,0.3725353718979195
FiftyWords_1,"[22 32 25 20 34 13 28 42  3  0 34 18 33  2 15  4 47  9 30 22  9 44  9 14
 41 49  2 24 22 30  2 48 16 20 37 10 10 14 20 12 35  2 48  1 13 30 38 46
 43 10 31 10  1  2  0 44 26 27  1  9  5 12  6 39  0 44 20 38  3 11 36  7
 21 14 23  3  0 22 24 20 45  7 48  4 26  2 34  2  0 16 45  9 13 13 41  9
 44 40 19 41 23  2 20 48  7  7 45 39 33  9 11  7 38 49 23  2 10  2 28 17
 32 18 43  0 17 37  4 43 29 26 15 28 48 21 18 17  9  4 26 20 33 34 16 40
  1 19 46  6 20 26 10 14 36 27 33 44  7 28  9 24 46 13 16 10  9 15 28 47
 27 36 49 26 48 18 48 31 26 22 43 23 22 41  2 28 14 21  0 30 48 35 19 22
  1 16 23 33  2 23 39 27 13 26 47 17 30 34  0 23 21 21 34 48 16 10 41 17
 28 24 49 49  0 24 46 42  7 45 48 11 19 21 45 23 40 27 37 19 31  7 16 16
 22 12 25 39 29 11 16 30 15 32 33 21 23  3 35 21 35 36 35 23 31 39 37 24
 42 38 33  1 45 38  1 41 15 39 39 26 22 15 11 44 41 22  7 44 16 10 29 14
 30 33  5 31  3 47 42  7 28 18  9 18 36 35 26 18  7 25 31 35  1 29 26 25
 48 13 41 25  2 29 41 49 20 49  0 15  6 31 35 21 17  6 31 48 44 44 30 49
 12 21  3 17 31 17 13 32 49 12 14 21  2  1  2  0 26 11 11  3 11 23 35  7
 25 35 17  2  6  7  2 19 47  7 11 11  2 27 10 15  1 14 24 39 24 47 18  4
 40 19 28 32 27 39 13 25 29  3  0  7 48 15 41 38 25 15 12  0 45 46 36 26
 22  1 35 33 15 27 22 41 31 40  6 13 44  9 23  7 21  7 35 11  0 31 48 16
 20  7 25  4 19  0 31 42 45 48 16  1 16  4 31  1 27  0 31 30 10 37 49 22
 38 41 24  0 31 47 21 15 29  5 35  2 24 38  2 13 12 45  5 49 13 26 35  6
 20  1 48  6 41 44  2 15 47 35 49 47 26 20  9 37 28 22 28 12 34 21  4 22
 22 34 25 25 21 45 20 29 44 48 11 47 12  1 38 44 47 38 37 16 31 24 24 16
 15  9 48 19 25 47 20 43 20 15 28 45 16 21 19 35 26 26 30 14 22 16 11 38
 42 20 30 28  9 21 10 30 24 24 38 13 16 41 12 30  9  4 28 48 48 20  1 25
 23 12 25  1 46 14 39  5 23 39 30 49 28 40 11  9 13 16  1  1  3 34 49  7
 11 19 42 16 48 11 35  0  6 12 46 20 25 28  3  1 38 22  0 29 20 25 25 19
 22  2  2 19 24 38  3 19  2  8 35 40 49 24 38 11 13  6  3 11 46 23 28 33
  2 38 19 16 14 25  9 49  6  3  3 10 39 24 19  6 29 14 44 22 13 48 24 14
 34 36 25  6 36 15  4 25 30 11  0  2 26 31 10  1 37 35 29 47 21  1 17 35
 37 31 43  9 10 22 24 49 37 24 35 21  6 43 22  0 37  6 20 11 19 20  3 10
 28 31 10 47  9  5 28  9 33 45 38 22  7 21  1  1 12 22 33  3 32 42  7 38
 12 29 23  0 18 41 47  7 44 30 30 33 25 49 17 14 37 47 15 37 26 41 35 46
 20 29 25 49 17 17  9 16 29  3 21 33  7 25 38 37 13  2 34 11 28 14 13  1
 39 23 41 30  4 17 15 10 25 26 49 18 10 28  5 10 17 18 41  3  6 20 40  2
  5  6 29  0 41 16 41  4 12 49  4 13 33 21 29 20 41  9  6 45 44 15 24 47
 13 33 49 24 20 10  7 41 33 18 28 14 20 14 46  7 10 20 17  2 16 27  3 23
 14 47 10 21 49 37  7 20 16 35 34 44 30 17 47 27  0 21 49 33 44 22  2 46
  1 43  3 30 17  4 47 24 27 49 39  1 49 16 10 31 40]",,0.17309830972693635
Fish_1,"[6 0 3 3 6 1 3 3 6 3 4 2 2 4 3 2 4 0 0 6 2 0 4 3 3 4 3 3 0 2 6 1 6 0 0 1 2
 1 2 5 0 0 2 4 0 4 4 2 0 3 6 3 2 6 3 3 6 1 6 6 3 1 3 6 3 5 5 6 3 2 2 6 0 0
 0 5 2 6 3 5 3 1 5 0 0 5 3 4 6 5 4 4 1 3 3 0 2 6 6 1 3 1 0 3 5 0 6 1 3 5 6
 3 6 3 0 3 0 0 6 6 5 2 5 3 1 4 1 3 3 2 3 0 5 4 6 6 1 1 4 6 3 6 6 3 6 5 2 2
 3 5 6 1 1 5 1 6 1 1 6 0 3 1 6 0 3 5 1 4 1 3 6 6 2 4 4 2 6 1 6 0 3 6 3 4 1
 4 1 4 6 5 4 3 3 5 1 3 6 0 2 4 3 1 0 3 0 3 3 6 5 3 0 3 3 6 3 5 3 6 6 5 4 3
 0 6 5 3 3 5 4 6 2 2 4 3 3 2 6 2 1 4 0 6 2 5 3 3 3 6 3 6 0 0 3 1 1 1 2 1 2
 1 1 3 6 6 5 2 0 1 2 0 6 0 3 6 3 1 6 0 6 1 5 2 1 4 3 6 3 0 2 1 6 4 3 0 6 5
 0 2 0 1 4 2 1 4 3 3 3 2 6 0 6 2 0 6 2 0 4 6 1 2 0 2 2 3 0 1 0 2 4 6 5 3 0
 0 1 5 6 0 2 4 1 2 1 3 4 3 1 3 2 1]",,0.46044077682674167
FordA_1,[1 1 1 ... 0 1 1],,0.04488032108779786
FordB_1,[1 1 0 ... 0 0 1],,0.17071582401278154
FreezerRegularTrain_1,[1 0 0 ... 1 1 1],,0.5096344687868338
FreezerSmallTrain_1,[1 1 1 ... 0 0 0],,0.9546449558441511
Fungi_1,"[ 7  1  6  5 13  2 15  0 10 17  8  3 11  8  4  9  4 12  7  7  7  7  7  7
  7  1  1  1  1  1  1  1  1  1  1  1  6  6  6  1  6  6  6  5  5  5  5  5
  5  5  5  5  5  5  5  5  5  5  5  5  5  5 13 13 13 13 13 13 13  2  2  2
  2  2  2  2  2  2  2  2 15 15 15 15 15 15 15 15 15 15 15  0  0  0  0  0
  0  0 10 10 14 10 10 14 14 10 10 14 10 16 10 16 10 10 10 10 16 17 17 17
 17 17 17 17  8  8  8  8  8  8  8  3  3  3  3  3  3  3  3  3  3  3  3  3
  3  3 11 11 11 11 11 11 11  8  8  8  8  8  8  8  4  4  4  4  4  4  4  4
  4  4  4  9  9  9  9  9  9  9  9  9  9  9  4  4  4  4  4  4  4 12 12 12
 12 12 12 12 12 12 12 12 12 12 12 10]",,0.8662339992034299
GestureMidAirD1_1,"[24  9 14 22 17 20  7 24 23 16 17 22  8  2 13 10 17 20  7 21 22  0 10 15
 25 22 19 25  4 11 20  6 23  6  3 20  5 14 22  4 25  5 15 17 17 10 15 10
 23 14 24 21 11 12 16 22  6  3  1 14 23  2 12  1  2 18 13 16  8  8  0  8
  7  0  8  5 13 21 13  3 24  5 18 12  8  8  7 25 25 16  0 15 15 16  5  3
  0  3 14  6 18  3  5  6  7  8 10  4  8 21 14 24  4 17 16 19 14  8  6 23
 24 25  3  2 23 10 16  8 10 13  2 17 15  9  1 21 22 15  6 13 10 10 22  2
 24 22 14  5 20 24 14  0  2 11 21  7  7  6 23  5 16 20  2 10 17 12 15 10
 18  1  5  2  3 11 18 12 23 21  3 20 25 11  5  4  4  0 25 10  2 19 19 16
  3 19 20 16 24  6  4 18  7  1  1  0 17 18  0 25 20  2 21 16 22  5 21 11
  9  6 25 17  2  8 17  8  3 23 20 17 21  7 19 13 16 14 22 25 15  3 21 10
 11 19  3 13 13 19  2 21 18  0 10 19  1 25 19 20  8  0 25  4 14 17 19 19
 17  7 22 17  3  8 25 21 17 10 23  5 18  6  1 18 18 14 20 13  9 23  7  2
  6 23  5  6 25 18 23 16 19  5 20  0 22 16 17  6  8 18  6  5 25 14 12  3
 25  9 16 25 21 23 14  9 17  4  4 20  8 11 16  0 25 16  9 10 15  6 12 14
 11  4]",,0.25566436399911036
GestureMidAirD2_1,"[ 5  7 22 16 13  5  8  0  0 19  0 18 24  0  9  6 16 12 20 12 14  4 12 21
 10 19  3  9 18  8 24  6  5  8  5  2 12  2 19 16 20 19 12 12 20 20 13 19
 23  8 16 22 25 24  5 22 16  0 12 13  8 25 16  1  5  6 16  4 21 10 15  6
 17 17 20 11 16 19  6 24  4 11  5  6 13 24 13 19 19 12  0  2 17  0 25  8
 19 14 25 18  4 15  3 25  5 13 21  3  3 16 13 16 24 10 25 13 18  4 20  6
 24 21  2 20 11 16  5 23  3 11 16 13  6 13 19 11  4  8 24 21 17 20 18 19
 17 12  5  2  5  4 16 24  0 22 22 20  8  1 17 18 11  0  2  5 19 17 14  3
 18  8 25 17 22 12 14 12 25 22 21 11 17 25 14  6  6 22 18 23 23 25 18 21
 14  2 22 21 24 22  0  3 17 19  2 16 21  9 23  2  7 21 20 11  8 12 20 24
 21 20 13 14 14  2 15 17  2 16 16 25 18 15  3  3  8  3 24 25 20 21 19  7
 15  9 17 13 16 17 18 19 15  7  2  0 17 14 17 12  5 18  4  2  4 16  0 21
 10 14 18  6  8 24 12  7 21 10 15 13  6 11  5  3 16 19  2  3  5 12 20  2
 11 24  5  5  3 11  3 18 15 25 15  6  3 11 19  7 16 14  8 12 16 19  4 15
  5  1 16 13 24  8 19 11  0  6 13  4 15  9  0  6 11 25  2  6 18  4  4 24
 12 15]",,0.1575916703232152
GestureMidAirD3_1,"[14  8 18 16 16 24  1  0 23 18 23 12  6  0  1  1 16  6  0  9 10  0 17  4
  1  0 24  2  9 19  3  6  7  4  4  4 20 22 14 24 10  9 24  6  3  3 20  0
 15  4 10  1  4 15  0  0  6 14 16 16 16  3 11  2  5  3 20  1 20 13 24 14
 12  4 17 11  0 19 12  5 24 21  5 15  0  1  6 23 10 14  0 12  4  0  6  0
  6  1  8 14 16  2 14 14 10  2 16 10  1  5 18 23  4 15 12  0  5  9 24 18
 13 10  2 15  3 14  6  9  1 10 24  8  9 21  2  3 10 16  0  1 20 22 15  0
 12  9  6  5 24 24 14  1 12 13 11 19  5 22 10 19 17 15  5  5  6  0 15 20
  4 16  4  5  9  6 16  6  5  6  4 23  3  2 22 23  8 10  8  5 23 12  1  7
 12 21  6  0 21 14 18 24  5  5 24 14  1  8 22 20  2 16  1 11 20  4 15 20
  3 13 21 16 14  1  7 13  9 14 16 20  4 15 14  4 10 14 10 21 13 15 11 14
 14 20 16  9 24 14  2 24  5  5 25 10 14 13 25  6 22  1  6  3  2 22 10  1
  2  1 24 11 14 18  0  2 21 21 15 17  2 20  4  1 11 14 21 14 11  4 11 17
 11 22  7 13 14  9 17 24 11 14  9 24  2 17 14  1  0 10  2  0  9  4 11 16
 15 24  6  9 23  4  1 13  0 10 11  1  0 22 13 10 17 13 13  1  1 23  9 24
 16 25]",,0.10639572383410792
GesturePebbleZ1_1,"[5 2 2 5 5 0 0 0 0 0 3 3 3 3 3 5 5 5 5 5 2 2 2 2 2 0 0 0 0 0 5 4 1 1 1 4 4
 4 4 4 5 5 2 2 2 2 2 1 2 2 2 2 2 2 1 4 4 4 4 4 2 2 5 5 2 2 1 1 2 1 1 1 4 4
 4 1 4 4 4 4 4 4 4 1 2 1 1 5 1 4 4 4 4 4 4 1 2 2 5 2 5 0 0 0 0 0 2 2 1 1 1
 1 1 1 0 0 0 0 0 0 3 3 3 3 3 3 5 2 5 5 5 5 2 5 5 5 5 5 2 1 2 1 2 2 0 0 0 0
 0 0 0 0 0 0 0 0 5 5 5 5 5 5 3 3 3 3 3 3 1 2 1 1 5 2 1 1 2 2 2 1 1 1 2 1 1
 1 4 1 1 4 4 1 4 4 4 4 4 4 4 4 4 4 1 1 1 1 1 1 1 5 4 4 4 4 4 4 4 4 1 1 1 2
 2 2 2 1 1 1 1 4 4 4 4 4 4 0 0 4 4 4 4 1 5 1 1 1 1 4 4 4 4 3 3 4 2 1 1 2 2
 5 2 2 0 0 0 0 0 0 1 1 1 1 2 1 1 0 0 0 0 0 0 0 3 3 3 3 3 3 3 3 3 3 3 5 5 5
 5 5 5 5 5 5 5 4]",,0.309075925319115
GesturePebbleZ2_1,"[2 2 2 2 2 0 0 0 0 0 4 4 4 4 4 2 2 2 2 2 1 1 1 1 1 0 0 0 0 0 1 2 2 1 2 2 1
 1 1 1 1 1 0 0 0 0 0 0 0 0 0 0 0 0 2 2 2 2 2 2 4 4 4 4 4 4 3 3 0 5 5 3 3 5
 3 5 1 2 1 1 2 2 2 1 1 2 2 1 1 1 1 3 4 3 3 4 1 1 1 1 1 1 1 1 1 1 1 1 1 1 1
 1 1 5 5 5 5 3 5 5 5 5 5 5 5 5 5 5 5 5 1 1 1 1 1 1 1 2 3 3 2 3 3 3 3 3 2 2
 2 2 1 1 1 1 1 1 1 1 5 5 5 5 5 5 5 5 5 5 5 2 1 2 2 2 1 3 3 3 3 3 3 1 1 1 1
 1 1 1 1 1 1 1 5 5 5 5 5 5 0 0 5 5 0 0 5 2 5 2 5 5 3 3 3 3 4 4 3 1 1 1 1 1
 1 5 0 0 5 0 1 1 1 1 1 1 1 1 0 0 0 0 0 0 4 4 4 4 4 4 2 2 2 2 2 2 1 1 1 1 1
 2 1 2 0 0 0 0 0 0 1 1 1 1 1 1 1 0 0 0 0 0 0 0 4 4 4 4 4 4 4 4 4 4 4 2 2 2
 2 2 2 2 2 2 2 3]",,0.40017096215256287
GunPointAgeSpan_1,"[1 1 1 1 0 0 1 1 0 1 1 1 1 1 1 1 1 1 0 1 0 1 1 1 1 0 1 1 0 1 1 0 1 1 1 1 0
 1 1 1 1 0 1 1 1 1 1 1 1 0 1 0 0 1 0 1 1 1 1 0 0 0 0 1 0 0 0 1 1 1 1 1 1 1
 1 1 1 1 1 1 1 1 1 1 0 1 1 1 0 0 1 1 1 1 1 1 1 0 0 0 1 0 1 0 1 1 0 1 1 1 1
 1 0 1 0 1 1 0 1 0 0 1 1 0 0 1 0 1 1 0 1 1 1 1 1 0 1 0 1 1 1 0 1 1 0 1 1 0
 1 0 1 0 0 1 1 1 1 0 1 0 1 1 1 1 1 1 1 1 1 1 1 1 1 1 1 1 1 0 1 0 1 1 0 1 0
 0 1 1 1 1 1 1 1 1 1 1 0 1 1 1 1 0 0 1 1 1 1 1 0 1 1 1 0 1 0 1 1 0 0 0 1 1
 0 1 0 0 0 1 0 1 1 1 1 1 0 0 0 1 0 0 1 1 1 1 0 1 1 1 1 1 1 1 1 1 1 1 1 1 1
 1 1 1 1 1 1 1 0 1 1 1 0 0 1 1 0 0 0 0 1 1 1 1 1 1 1 0 1 1 1 1 1 1 1 1 1 1
 0 0 1 0 1 1 0 1 1 0 1 0 1 1 1 1 1 1 1 1 0 1 1 1 1 0 1 1 0 1 1 1 1 0 1 0 0
 1 0 0 0 0 1 1 1 1 1 0 0 0 0 1 1 1 1 1 0 1 1 1 1 1 1 1 1 1 1 0 1 1 1 0 1 1
 0 1 1 0 1 1 1 1 0 1 1 1 1 1 0 0 1 1 1 0 0 1 1 1 0 1 1 1 1 1 1 0 1 1 1 1 0
 0 1 1 1 1 1 1 1 0 0 1 1 1 1 1 0 1 1 1 0 1 1 1 0 1 1 1 1 0 1 1 1 0 1 1 1 1
 1 0 1 1 0 1 1]",,-0.001803361
GunPointMaleVersusFemale_1,"[0 0 1 0 0 0 0 1 0 0 1 1 1 1 1 0 1 1 0 0 1 0 1 1 1 1 1 0 1 0 1 1 1 1 1 1 1
 0 1 1 1 1 0 0 0 1 0 0 0 1 0 1 0 1 1 0 1 1 1 1 0 1 0 0 0 0 0 1 1 0 0 0 0 0
 0 0 0 0 0 0 0 0 0 0 0 0 0 0 0 0 0 0 0 0 0 0 0 0 0 0 0 0 0 0 0 0 0 0 0 0 0
 0 0 0 0 0 0 0 1 0 0 0 0 0 0 0 0 0 0 0 0 0 0 1 0 1 1 1 0 1 1 1 1 0 0 1 0 0
 1 1 1 0 1 1 1 1 0 1 0 0 0 1 0 0 0 0 0 1 0 0 1 0 0 1 1 0 1 0 1 0 0 0 1 1 0
 1 0 1 1 0 1 0 0 0 0 1 1 0 0 0 0 0 0 1 1 1 0 0 1 1 0 1 1 0 1 1 0 0 1 1 0 1
 1 0 0 0 0 1 1 1 1 1 0 1 0 0 0 0 1 1 1 1 0 1 1 1 0 0 0 1 0 0 0 0 1 1 0 0 1
 0 1 1 1 1 0 1 1 1 1 1 1 1 1 0 0 1 0 1 1 1 0 0 0 1 1 0 0 1 0 1 0 1 0 1 1 0
 1 0 0 1 0 0 0 0 0 0 0 0 0 0 0 0 0 0 0 0 0 0 0 0 0 0 0 0 0 0 0 0 0 0 0 0 0
 0 0 0 0 0 0 0 0 0 0 0 0 0 1 0 0 0 0 0 0 0 0 0 0 0 0 0 1 0 0 0 0 0 0 0 0 0
 0 0 0 0 0 0 0 0 0 0 0 0 0 0 0 0 0 0 0 0 0 0 0 0 0 0 0 0 0 0 0 0 0 0 0 0 0
 0 0 0 0 0 0 0 0 0 0 0 0 0 0 0 0 0 0 0 0 0 0 0 0 0 0 0 0 0 0 0 0 0 0 0 0 0
 0 0 0 0 0 0 0]",,0.23404369240579662
GunPointOldVersusYoung_1,"[0 0 0 0 0 0 0 0 0 0 0 0 0 0 0 0 0 0 0 0 0 0 0 0 0 0 0 0 0 0 0 0 0 0 0 0 0
 0 0 0 0 0 0 0 0 0 0 0 0 0 0 0 0 0 0 0 0 0 0 0 0 0 0 0 0 0 1 1 0 1 0 1 1 0
 0 1 1 1 0 0 0 0 1 0 1 0 1 0 1 1 1 0 0 1 0 0 0 1 1 1 0 1 0 1 1 0 0 1 1 0 0
 1 1 0 0 0 0 0 1 0 1 0 1 0 1 1 1 1 1 1 1 0 0 1 0 0 0 0 0 0 0 0 0 0 0 0 0 0
 0 0 0 0 0 0 0 0 0 0 0 0 0 0 0 0 0 0 0 0 0 0 0 0 0 0 0 0 0 0 0 0 0 0 0 0 0
 0 0 0 0 0 0 0 0 0 0 0 0 0 0 0 0 0 0 0 0 0 0 0 0 0 0 0 0 0 0 0 0 0 0 0 0 0
 0 0 0 0 0 0 0 0 0 0 0 0 0 0 0 0 0 0 0 0 0 0 0 0 0 0 0 0 0 0 0 0 0 0 0 0 0
 0 0 0 0 0 0 0 0 0 0 0 0 0 0 0 0 0 0 0 0 0 0 0 0 0 0 0 0 0 1 1 1 0 0 1 1 0
 1 1 1 1 0 1 1 0 1 0 1 0 0 1 1 0 0 1 0 0 0 1 1 0 0 0 0 0 1 0 0 1 0 1 1 1 0
 1 1 0 0 1 0 0 1 1 1 1 0 0 0 0 0 0 1 0 0 0 1 1 0 1 0 0 1 0 0 1 1 1 0 1 1 1
 1 1 0 0 0 0 0 0 1 1 1 0 1 1 0 1 1 1 1 1 1 0 1 0 1 1 1 1 1 0 1 1 0 0 0 1 0
 1 1 1 0 1 1 1 1 0 0 0 1 1 0 0 0 1 1 1 1 0 1 1 0 1 0 1 1 1 0 0 1 1 0 0 1 1
 0 1 0 1 0 1 0]",,0.2561786853231226
GunPoint_1,"[1 1 1 0 1 1 0 0 0 0 0 0 0 0 1 0 1 1 0 0 0 0 0 0 1 0 0 0 0 0 0 0 0 1 1 1 1
 1 0 0 1 0 0 0 0 1 1 1 1 0 0 1 0 0 1 1 0 1 1 1 1 1 1 0 0 0 1 1 1 1 0 0 1 1
 0 0 0 0 1 1 1 0 0 1 1 1 1 1 0 1 1 0 0 1 0 0 0 1 1 1 1 0 1 0 1 0 1 1 1 1 0
 0 0 1 1 1 0 1 1 1 1 1 1 0 0 1 1 0 0 1 0 0 0 1 1 1 0 1 1 1 1 0 1 0 1 1 1 0
 0 1 0 0 0 1 1 0 0 0 1 1 1 1 0 1 1 0 0 0 1 1 0 0 1 0 0 1 0 0 0 0 0 1 0 1 0
 0 0 1 0 1 0 0 1 0 1 1 1 1 0 0]",,0.009422222222222222
Ham_1,"[1 1 1 1 1 1 0 0 0 0 0 0 0 0 0 0 0 0 0 0 0 0 1 0 0 0 0 1 0 0 1 1 0 0 0 1 1
 1 0 1 1 1 1 1 0 1 1 1 0 0 0 0 1 0 0 1 1 0 1 0 0 0 0 1 0 1 0 0 0 0 0 1 1 1
 1 0 0 1 0 0 0 1 1 1 1 1 1 0 0 1 1 0 0 0 0 0 0 1 0 0 0 0 0 0 0 0 0 0 0 1 1
 1 1 1 1 1 1 1 0 1 1 1 1 1 1 1 1 0 0 0 0 1 1 0 1 1 0 1 0 0 1 0 1 0 0 1 0 0
 1 1 1 1 0 0 0 1 0 0 0 0 0 0 0 0 0 0 0 0 0 0 0 1 1 0 1 0 1 1 1 1 1 1 1 1 0
 0 0 1 0 0 0 1 0 0 0 0 1 1 1 1 1 1 0 1 0 0 0 1 1 1 1 1 1 1]",,0.0009293503703915644
Haptics_1,"[4 4 4 4 4 1 4 3 0 1 4 4 0 2 2 4 4 4 1 3 4 2 4 3 0 1 2 0 0 2 3 2 0 0 3 3 0
 1 1 0 0 0 2 1 2 3 0 1 1 2 1 0 2 0 1 2 1 0 4 0 1 4 0 1 4 0 0 1 2 0 2 1 4 2
 2 0 3 1 2 4 4 4 4 4 1 1 4 0 0 0 4 1 0 1 2 0 4 0 4 2 0 3 4 2 1 1 1 0 4 4 1
 2 0 0 1 2 4 3 1 1 3 1 0 3 2 0 0 0 1 1 1 4 1 0 2 3 2 4 1 0 0 2 0 0 4 2 4 0
 3 3 1 4 1 4 3 1 0 0 3 4 4 2 4 2 0 4 1 1 2 0 0 1 2 2 1 0 2 2 1 3 4 2 0 0 1
 4 1 2 1 4 1 0 0 4 1 2 0 2 2 0 0 2 1 2 1 1 0 2 4 4 0 2 3 4 1 0 1 1 4 3 0 0
 0 4 2 1 3 3 0 2 1 4 1 4 0 4 1 1 4 3 4 0 0 0 4 1 1 2 0 2 1 3 1 0 3 0 4 2 4
 2 2 0 1 0 0 3 2 2 0 3 0 0 0 2 0 0 2 2 4 1 2 0 2 4 3 2 1 1 2 3 4 0 2 4 3 0
 0 0 4 2 3 1 4 0 1 3 2 0 0 3 1 3 0 0 0 3 3 0 4 4 2 4 2 0 4 4 4 4 4 1 4 0 2
 1 1 4 0 4 3 0 4 4 2 0 1 2 2 1 2 1 0 1 0 1 1 4 0 3 1 4 4 4 0 4 2 0 4 0 4 1
 0 4 0 2 2 3 0 4 2 2 4 1 2 1 0 4 4 2 1 4 3 3 1 2 3 2 4 2 2 0 1 4 1 0 1 4 4
 4 3 1 2 3 3 4 4 1 1 4 2 0 0 0 0 2 3 0 0 2 4 1 4 0 0 4 3 1 3 0 0 3 0 0 4 0
 2 0 0 4 1 4 0 4 4 4 1 4 1 2 1 0 4 4 3]",,0.0843560057480574
Herring_1,"[1 0 0 1 0 0 0 1 0 0 1 1 1 0 0 0 0 0 0 0 1 0 1 0 0 1 1 0 0 0 0 1 1 0 0 1 0
 0 1 1 1 1 1 0 1 0 1 0 0 1 0 0 0 1 0 0 0 0 1 0 0 0 0 0 0 0 0 0 1 0 1 1 0 0
 1 0 0 0 0 1 0 1 0 0 0 1 1 1 0 0 1 1 1 0 1 0 0 0 0 0 0 0 0 0 0 0 0 1 0 1 1
 0 0 1 0 1 1 0 0 0 0 0 1 0 1 1 1 0]",,0.009658358304869868
HouseTwenty_1,"[1 1 0 0 1 0 0 1 1 1 1 1 0 1 1 1 0 1 0 1 0 0 0 0 0 1 1 1 0 1 1 1 0 0 1 1 0
 0 0 1 1 1 0 0 0 1 1 1 0 0 0 0 1 1 1 0 1 1 1 1 0 0 0 1 1 1 0 1 0 0 1 1 1 1
 0 0 0 1 1 0 0 1 0 1 1 1 1 1 1 0 1 0 0 0 0 0 0 0 1 0 0 0 0 1 1 1 0 0 1 1 1
 0 0 0 1 1 1 1 1 1 0 1 0 1 1 1 0 1 0 1 1 1 1 0 1 1 1 0 0 0 0 0 1 0 1 0 1 0
 0 0 1 0 0 0 1 1 1 1 0]",,-0.005958627
InlineSkate_1,"[5 0 3 2 2 4 0 4 5 6 0 1 2 2 2 0 1 4 6 0 5 3 0 2 5 2 6 2 0 6 1 3 3 6 0 2 3
 0 2 1 2 2 1 6 1 5 4 0 3 6 3 5 0 6 6 3 2 0 2 2 2 1 1 5 2 6 3 3 5 1 2 0 6 6
 1 5 0 5 5 2 2 5 2 3 2 5 2 5 4 4 6 5 0 6 4 2 0 1 0 6 2 0 2 4 5 5 1 3 2 4 0
 0 0 5 6 5 5 2 3 4 6 4 2 1 2 2 2 0 0 6 1 0 6 2 0 6 2 1 6 6 5 2 4 2 1 3 4 0
 5 6 0 2 5 6 2 1 5 0 1 0 5 5 1 0 4 2 2 6 4 2 2 5 3 0 2 1 2 1 5 1 2 5 6 6 2
 0 2 4 2 2 5 2 2 5 0 0 4 0 5 2 2 5 4 5 3 3 0 6 2 2 2 4 2 0 2 1 3 5 3 4 3 0
 0 3 4 4 0 3 6 5 1 6 2 3 2 5 4 4 0 3 4 0 2 3 5 3 2 2 2 2 4 2 0 6 6 2 4 6 3
 5 6 5 0 2 6 4 0 3 4 1 5 2 0 2 0 2 0 0 4 2 2 0 6 3 0 0 0 2 4 6 6 6 1 0 3 0
 2 2 2 2 5 0 6 5 0 2 2 0 6 2 5 3 3 2 4 3 2 1 3 2 5 2 2 5 3 6 0 1 3 0 5 4 6
 2 4 3 6 5 2 5 2 1 0 2 5 3 3 3 3 2 5 5 5 1 5 3 1 3 5 2 2 0 1 0 5 0 2 5 0 0
 2 0 4 0 3 2 6 0 2 0 5 5 1 2 2 1 2 2 2 2 2 0 0 4 1 0 3 2 5 2 5 3 2 4 3 2 4
 0 3 3 4 5 5 2 5 4 0 4 2 2 3 6 3 3 1 5 1 0 0 5 2 3 2 3 4 5 1 4 1 2 3 5 3 2
 6 5 3 2 2 5 2 2 4 4 0 4 6 0 2 3 0 3 3 2 5 2 4 3 6 0 2 1 5 0 3 4 0 6 2 2 3
 0 2 0 3 6 3 5 4 2 4 5 4 2 6 5 3 3 3 1 6 4 4 6 1 0 5 6 0 3 5 2 0 2 3 5 5 3
 2 2 3 0 4 3 2 6 4 3 3 6 5 2 0 5 4 2 0 3 5 5 0 2 5 5 2 3 4 2 2 0 0 3 4 6 6
 6 0 0 4 3 1 2 6 5 0 5 1 5 0 2 5 2 0 1 2 2 5 0 3 1 5 0 5 2 0 4 2 1 5 3 0 6
 0 3 6 4 4 5 3 2 6 3 4 5 3 2 1 6 1 0 3 0 2 1 2 5 3 1 5 6 2 2 2 2 2 5 1 2 3
 3 1 2 1 5 2 6 5 2 5 3 3 1 0 5 6 2 5 0 3 6]",,0.04383170471469879
InsectEPGRegularTrain_1,"[0 0 0 0 1 0 0 0 0 0 0 0 1 0 0 0 2 0 0 0 0 0 2 1 1 1 1 1 1 2 2 1 2 2 1 1 2
 2 2 2 1 2 2 1 1 1 1 1 1 2 2 1 2 0 2 2 2 2 1 1 2 0 0 0 0 2 0 0 1 0 0 0 0 0
 0 0 0 0 0 0 0 0 0 0 0 0 0 0 0 0 0 0 0 0 0 0 0 0 0 0 1 0 0 0 0 0 0 0 0 0 0
 2 0 0 0 0 2 0 0 0 0 0 0 0 0 0 0 2 0 0 0 0 0 0 0 0 0 0 0 0 0 0 0 0 0 0 0 0
 0 0 0 1 1 1 1 1 1 1 1 1 1 2 1 2 1 1 1 1 1 1 2 1 1 2 2 2 1 1 1 2 1 2 1 2 2
 1 2 1 1 2 1 1 1 1 1 1 2 1 1 2 1 2 1 1 1 1 1 1 1 1 1 1 1 1 1 1 1 1 1 1 1 1
 1 2 1 1 1 1 0 1 1 2 1 2 2 1 1 2 1 1 1 1 1 1 1 1 1 1 1 2 1 1 1 2 1 1 1 1 2
 1 2 1 1 1 1 1 1 1 2 2 2 2 2 1 1 0 1 2 2 2 2 2 2 2 1 2 2 2 2 2 0 2 2 1 2 1
 2 2 1 2 1 2 0 2 2 2 2 1 2 2 0]",,0.551948687485896
InsectEPGSmallTrain_1,"[0 1 1 1 1 1 2 1 2 2 0 2 1 0 2 0 0 1 0 1 0 1 1 2 1 1 1 1 1 1 1 1 1 1 1 1 1
 1 1 1 1 1 1 1 1 1 1 1 1 1 1 1 1 1 1 2 1 1 1 1 1 0 1 1 1 1 1 1 1 1 1 0 1 1
 1 1 1 1 1 1 0 1 1 1 1 1 1 1 1 1 1 1 1 2 1 1 1 1 1 1 1 1 0 1 1 1 2 2 2 2 0
 2 2 2 2 2 0 0 0 2 2 0 2 2 2 0 2 2 0 1 2 0 2 0 0 2 0 2 0 0 0 0 2 2 0 2 2 2
 2 2 2 1 2 2 0 2 0 2 2 2 2 2 2 2 2 2 2 2 2 0 0 0 2 2 0 0 2 2 0 2 2 2 2 1 2
 2 0 2 0 0 2 2 0 2 2 2 0 2 0 2 2 2 2 2 0 2 2 2 0 2 2 2 2 0 2 0 0 2 2 2 2 2
 2 0 0 0 0 0 2 2 1 2 0 0 0 0 2 0 0 2 0 0 0 0 0 1 0 0 2 0 2 0 0 2 0 0 0 1 0
 0 0 0 2 0 0 1]",,0.46548140899224
InsectWingbeatSound_1,[8 6 8 ... 0 3 3],,0.22675031898526804
ItalyPowerDemand_1,[1 0 1 ... 0 1 1],,-0.000681043
LargeKitchenAppliances_1,"[0 0 0 2 0 2 2 0 0 0 1 0 0 0 2 0 0 0 0 0 0 0 0 0 2 0 0 0 0 0 2 0 2 2 2 2 0
 0 0 2 2 0 0 0 0 0 0 0 0 0 2 0 0 2 0 0 0 0 0 2 1 0 2 0 0 0 0 0 0 0 2 0 1 0
 0 0 0 0 2 0 2 0 0 0 0 0 0 2 0 2 2 0 0 0 0 1 0 2 0 1 0 2 0 2 0 0 0 0 0 1 0
 0 0 0 0 0 0 0 0 0 0 2 2 2 2 0 2 0 0 1 0 1 0 0 0 0 2 0 0 2 0 1 1 0 1 0 1 2
 2 0 0 0 0 1 0 0 0 0 0 0 0 2 0 1 0 0 0 0 0 1 1 0 1 0 0 2 2 1 2 2 1 0 0 1 0
 1 1 1 1 1 1 0 0 2 2 0 0 0 0 0 0 0 0 0 0 2 2 0 0 0 2 2 1 0 1 2 0 1 2 0 0 0
 0 0 0 1 1 1 2 1 1 1 1 1 0 0 0 1 0 0 1 0 2 2 1 0 0 0 1 0 0 0 0 0 0 2 0 0 1
 2 1 0 1 0 0 0 2 0 0 2 0 0 0 1 0 1 2 1 1 0 0 0 0 0 1 0 0 2 0 0 0 0 0 2 0 0
 2 2 1 0 0 2 2 0 2 2 1 2 0 0 0 2 0 0 0 0 1 0 0 0 0 0 1 2 0 1 2 2 1 0 0 2 0
 2 0 2 0 0 0 0 0 0 1 0 2 0 0 0 1 0 0 0 0 0 0 2 2 0 0 0 0 0 0 0 0 0 0 2 1 0
 2 2 0 0 1 1 2 0 0 1 0 0 0 0 0 0 2 2 2 2 2 0 0 2 0 0 0 2 0 0 2 0 0 0 0 0 0
 0 0 0 0 2 0 0 0 0 2 1 2 0 0 0 0 0 2 0 0 0 0 0 0 0 0 0 0 0 0 2 2 0 0 0 2 0
 0 0 0 0 0 0 0 2 0 0 0 0 0 0 0 0 0 0 0 0 0 2 2 0 2 2 0 0 2 0 1 2 2 1 2 2 0
 0 2 0 0 2 2 0 2 0 1 0 0 1 2 0 0 0 0 0 0 0 0 0 0 0 0 0 0 2 2 1 0 2 2 1 0 1
 1 2 0 1 0 1 0 0 0 1 0 0 0 0 0 1 0 0 0 0 0 0 2 2 0 0 2 0 1 2 0 1 0 0 0 0 0
 0 1 1 0 0 1 0 0 0 0 1 0 0 0 0 0 0 0 0 0 0 0 1 0 0 0 0 0 0 0 0 0 1 0 0 0 0
 0 0 1 0 0 0 0 0 1 1 1 1 0 1 1 1 1 1 1 0 0 0 0 1 2 2 0 0 0 0 1 1 0 2 2 0 2
 2 0 2 0 1 2 0 0 0 0 0 0 1 0 2 0 0 0 0 0 0 2 2 2 2 0 2 0 0 1 0 0 0 0 0 0 0
 0 0 0 0 2 0 0 1 1 0 0 0 0 1 2 0 0 1 0 1 0 0 0 0 0 1 0 1 0 0 0 0 0 0 0 0 0
 0 0 0 1 0 0 0 0 0 0 1 0 0 2 0 2 2 0 1 0 0 2 0 0 0 0 0 0 0 0 0 1 0 0 0 0 0
 2 2 0 0 0 0 0 1 0 2]",,0.012961170181453166
Lightning2_1,"[1 0 1 1 0 1 1 0 0 0 1 0 1 0 0 1 1 0 1 1 1 0 1 0 1 1 1 1 0 0 1 0 0 0 1 1 1
 1 1 0 1 1 0 1 0 1 1 1 0 0 0 0 1 0 0 0 0 1 1 0 0 1 1 0 1 0 1 1 1 1 1 0 1 0
 0 0 0 1 1 0 1 0 1 0 1 1 1 1 1 1 0 0 1 1 1 1 0 1 0 0 0 1 1 0 1 0 0 1 1 0 0
 0 0 0 1 0 0 0 0 0 0]",,0.00026766960830103547
Lightning7_1,"[3 0 5 4 6 2 5 0 5 4 4 0 0 4 3 1 2 0 4 0 5 0 5 4 2 5 3 6 3 0 5 1 0 4 3 0 1
 1 2 4 1 1 6 0 3 4 1 6 4 4 3 3 3 4 2 3 5 1 5 4 0 3 1 3 2 4 3 3 5 6 4 2 4 6
 5 5 3 3 5 6 3 6 3 3 0 3 2 3 6 2 0 4 5 1 3 1 3 1 3 2 4 2 3 0 2 4 5 3 3 5 0
 3 4 1 5 3 3 3 1 2 1 3 2 0 2 3 2 2 0 3 3 6 0 5 4 5 3 4 6 0 3 4 1]",,0.24963270055309789
Mallat_1,[0 2 6 ... 2 6 7],,0.8239707021095938
Meat_1,"[0 0 0 0 0 0 0 0 0 0 0 0 0 0 2 0 0 0 0 0 1 2 2 2 1 1 1 1 1 1 1 1 1 1 1 1 1
 1 1 1 2 2 2 2 2 2 2 2 0 0 2 2 0 0 0 0 0 0 0 0 0 0 0 0 2 2 0 0 0 0 0 0 0 0
 0 0 0 0 0 0 1 1 1 1 1 1 1 1 1 1 1 1 1 1 1 1 1 1 1 1 0 0 2 2 2 2 2 2 2 2 2
 2 2 2 2 2 2 2 2 1]",,0.6096933026114486
MedicalImages_1,[7 1 5 ... 5 5 0],,0.0710227743268481
MelbournePedestrian_1,[5 5 8 ... 2 9 9],,0.28937842876794767
MiddlePhalanxOutlineAgeGroup_1,"[0 0 0 0 1 1 1 1 1 0 1 1 1 1 1 0 1 1 1 0 0 0 0 0 0 0 0 0 0 0 0 0 0 1 1 1 1
 1 0 0 0 0 0 0 0 0 0 0 0 1 1 1 0 0 0 0 0 0 0 0 0 0 0 0 1 1 0 0 0 0 0 0 0 0
 0 1 0 0 1 0 0 0 1 0 1 1 1 0 0 0 0 1 1 1 0 1 1 0 0 0 0 1 0 0 1 0 0 0 0 0 0
 0 1 0 0 0 0 0 0 0 0 0 0 0 0 0 0 0 1 0 0 0 0 0 0 1 1 0 1 0 0 0 0 0 0 0 0 1
 0 0 0 0 0 0 1 0 1 0 0 1 1 0 0 0 1 0 0 1 1 1 0 1 1 0 0 0 0 2 2 2 2 2 2 2 2
 2 2 2 2 2 2 2 2 2 2 2 2 2 2 2 2 2 2 2 2 2 2 2 2 2 2 2 2 2 2 2 2 2 2 2 2 2
 2 2 2 2 2 2 2 2 2 2 2 2 2 2 2 2 2 2 2 2 2 2 2 2 2 2 2 2 2 2 2 2 2 2 2 2 2
 2 2 2 2 2 2 2 2 2 2 2 2 2 2 2 2 2 2 2 2 2 2 2 2 2 2 2 2 2 2 2 2 2 2 2 2 2
 2 2 2 2 2 2 2 2 2 2 2 2 2 2 2 2 2 2 2 2 2 2 2 2 2 2 2 2 2 2 2 2 2 2 2 2 2
 2 2 2 2 2 2 2 2 2 2 2 2 2 2 2 2 2 2 2 2 2 2 2 2 2 2 2 2 2 2 2 2 2 2 2 2 2
 2 2 2 2 2 2 2 2 2 2 2 2 2 2 2 2 2 2 1 0 1 1 1 0 1 0 0 0 1 0 1 0 1 1 0 0 0
 0 1 0 0 0 0 0 0 0 1 1 0 1 0 1 1 0 1 1 1 1 1 1 1 1 0 1 1 1 0 1 0 0 0 0 1 0
 0 0 0 0 0 0 0 0 0 1 1 0 0 0 0 1 0 0 0 0 1 1 0 0 0 0 0 0 0 0 0 0 1 1 1 0 1
 0 0 0 1 0 1 1 0 0 0 1 0 0 0 1 0 0 1 0 1 0 0 0 1 1 1 1 0 0 1 1 1 0 0 0 0 0
 1 0 0 1 0 0 0 0 0 1 0 0 1 1 1 0 0 0 1 0 1 0 1 0 0 1 0 0 0 2 2 2 2 2 2 1]",,0.4171691891657663
MiddlePhalanxOutlineCorrect_1,"[1 1 1 1 1 1 1 1 1 1 1 1 1 1 1 1 1 1 1 1 1 1 1 1 1 1 1 1 1 1 1 1 1 1 1 1 1
 1 1 1 0 1 1 1 1 1 1 1 1 1 1 1 1 1 1 1 1 1 1 1 1 1 1 0 1 1 1 1 1 1 1 1 1 1
 1 1 1 1 1 1 1 1 1 1 1 1 1 1 1 1 1 1 1 1 1 1 1 1 1 1 1 1 1 1 1 1 1 1 1 1 1
 1 1 1 1 1 1 1 1 1 1 1 1 1 1 1 1 1 1 1 1 1 1 1 1 1 1 1 1 1 1 1 1 1 1 1 1 1
 1 1 1 1 1 1 1 1 1 1 1 1 1 1 1 1 1 1 1 1 1 1 1 1 1 1 1 1 1 1 1 1 1 1 1 1 1
 1 1 1 1 1 1 1 1 1 1 1 1 1 1 1 1 1 1 1 1 1 1 1 1 1 1 1 1 1 1 1 1 1 1 1 1 1
 1 1 1 1 1 1 1 1 1 1 1 1 1 1 1 1 1 1 1 1 1 1 1 1 1 1 1 1 1 1 1 1 1 1 1 1 1
 1 1 1 1 1 1 1 1 1 1 1 1 1 1 1 1 1 1 1 1 1 1 1 1 1 1 1 1 1 1 1 1 1 1 1 1 1
 1 1 1 1 0 0 0 0 0 0 0 0 0 0 0 0 0 0 0 0 0 0 0 0 0 0 0 0 0 0 0 0 0 0 0 0 0
 0 0 0 0 0 0 0 0 0 0 0 0 0 0 0 0 0 0 0 0 0 0 0 0 0 0 0 0 0 0 0 0 0 0 0 0 0
 0 0 0 0 0 0 0 0 0 0 0 1 0 0 0 0 0 0 0 0 0 0 1 0 0 0 0 0 0 0 0 0 0 0 0 0 0
 0 0 0 0 0 0 0 0 0 0 0 0 0 0 0 0 0 0 0 0 0 0 0 0 0 0 0 0 0 0 0 1 0 0 0 0 0
 0 0 0 0 0 0 0 0 0 0 0 0 0 0 0 0 0 0 0 0 0 0 0 0 0 0 0 0 0 0 0 0 0 0 0 0 0
 0 0 0 0 0 0 0 0 0 0 0 0 0 0 0 0 0 0 0 0 0 0 0 0 0 0 0 0 0 0 0 0 0 0 0 0 0
 0 0 0 0 0 0 0 0 0 0 0 0 0 0 0 0 0 0 0 0 0 0 0 0 0 0 0 0 0 0 0 0 0 0 0 0 0
 0 0 0 0 0 0 0 0 0 0 0 0 0 0 0 0 0 0 0 0 0 0 0 0 0 0 0 0 0 0 0 0 0 0 0 0 0
 0 0 0 0 0 0 0 0 1 1 1 1 1 1 1 1 1 1 1 1 1 1 1 1 1 1 1 1 1 1 1 1 1 1 1 1 1
 1 1 1 1 1 1 1 1 1 1 1 1 1 1 1 1 1 1 1 1 1 1 1 1 1 1 1 1 1 1 1 1 1 1 1 1 1
 1 0 1 1 1 1 1 1 1 1 1 1 1 1 0 1 1 1 1 1 1 1 1 1 1 1 1 1 0 1 1 1 1 1 1 1 1
 1 1 1 1 1 1 1 1 1 1 1 1 1 1 1 1 1 1 1 1 1 1 1 1 1 1 1 1 1 1 1 1 1 1 1 1 1
 1 1 1 1 1 1 1 1 1 1 1 1 1 1 1 1 1 1 1 1 1 1 1 1 1 1 1 1 1 1 1 1 1 1 1 1 1
 1 1 1 1 1 1 1 1 1 1 1 1 1 1 1 1 1 1 1 1 1 1 1 1 1 1 1 1 1 1 1 1 1 1 1 1 1
 1 1 1 1 1 1 1 1 1 1 1 1 1 1 1 1 1 1 1 1 1 1 1 1 1 1 1 1 1 1 1 1 1 1 1 1 1
 1 1 1 1 1 1 1 1 1 1 1 1 1 1 1 1 1 1 1 1 1 1 1 1 1 0 0 0 0 0 0 0 0 0 0 0 0
 0 0 1]",,-0.005345222
MiddlePhalanxTW_1,"[1 1 2 1 1 2 1 2 1 2 1 1 1 1 2 2 1 2 2 1 2 5 1 1 1 1 1 1 4 1 5 1 1 1 2 1 2
 0 1 2 1 1 2 1 1 2 0 0 0 4 0 2 0 2 2 1 1 5 1 1 2 2 1 5 1 3 2 5 5 3 5 1 5 4
 1 3 0 0 5 5 5 3 0 2 3 0 4 2 2 3 2 1 3 0 1 2 1 4 4 0 1 4 5 2 5 5 4 4 4 5 0
 3 3 2 5 3 5 2 0 4 4 0 1 1 4 0 3 2 3 1 1 1 5 4 1 5 3 4 4 3 0 4 3 3 4 2 0 4
 4 1 5 1 4 3 5 2 3 5 4 2 5 5 1 1 1 3 4 4 3 0 5 4 1 4 1 2 1 5 0 0 4 2 1 3 3
 3 4 3 0 3 1 0 4 3 1 3 5 3 0 1 5 1 1 5 5 4 2 1 5 3 4 1 5 2 1 1 1 2 2 4 1 0
 4 0 3 5 2 1 0 1 2 2 5 3 1 4 3 4 1 0 3 3 1 0 4 4 1 2 4 1 5 1 1 5 5 1 0 2 5
 2 1 3 2 4 3 1 0 3 4 1 1 2 5 5 1 4 2 2 2 1 5 2 1 4 0 4 0 4 4 3 3 1 1 4 4 2
 3 2 4 0 0 1 4 2 4 5 1 0 5 1 4 3 0 2 5 5 5 4 2 3 0 1 5 4 4 3 2 4 2 0 4 2 2
 3 3 0 5 4 2 2 1 4 5 4 2 4 0 5 2 4 1 2 5 0 2 1 5 1 2 1 2 0 5 2 1 0 2 4 0 0
 1 1 1 2 2 5 3 5 1 3 0 1 5 4 1 0 0 5 4 0 4 3 3 2 4 3 5 2 4 2 2 0 2 0 5 0 2
 1 4 4 3 1 2 3 5 0 2 2 0 1 4 5 0 4 0 2 3 1 4 1 0 1 1 5 3 1 1 0 0 1 4 1 0 0
 0 1 2 5 3 3 3 4 2 5 3 2 4 2 5 1 1 3 4 1 5 3 4 5 5 4 5 1 3 4 0 4 0 1 2 4 2
 1 4 1 1 1 1 1 5 1 0 4 1 2 1 2 1 3 4 0 4 5 0 3 4 5 0 4 5 0 3 5 4 3 3 3 5 0
 3 0 3 0 5 3 0 0 3 4 4 0 0 1 3 4 4 4 0 4 4 4 3 0 5 3 0 4 3 0 0 5 3 4 4]",,0.34893173219902185
MixedShapesRegularTrain_1,[0 1 1 ... 2 2 1],,0.40657934508662125
MixedShapesSmallTrain_1,[4 4 4 ... 0 0 4],,0.40576534459290464
MoteStrain_1,[1 1 1 ... 1 1 1],,0.4502856098850444
NonInvasiveFetalECGThorax1_1,[40 10  9 ... 23 24 30],,0.21204938527297829
NonInvasiveFetalECGThorax2_1,[ 1 40 35 ... 30 15 32],,0.32452672348488354
OSULeaf_1,"[3 5 1 2 3 5 5 4 5 2 2 4 4 5 1 4 4 3 4 4 4 0 1 0 2 3 5 4 2 0 4 3 3 5 1 2 0
 2 0 1 4 0 0 4 3 3 4 5 4 0 0 2 5 3 3 4 3 0 5 0 2 0 0 4 0 4 0 2 5 2 0 5 5 0
 4 0 4 0 0 0 0 0 1 3 1 1 2 4 0 0 5 0 4 5 4 1 5 1 5 3 3 0 2 0 1 4 0 3 0 4 3
 4 0 5 5 5 4 2 0 2 0 5 5 2 1 5 2 3 2 1 0 2 2 4 5 1 4 5 0 5 3 5 3 0 4 0 0 0
 1 0 1 3 4 0 1 3 5 0 2 4 3 4 2 2 3 5 4 4 0 3 0 4 2 2 3 0 2 1 0 1 0 3 0 4 4
 4 2 0 4 4 3 1 3 3 0 2 5 4 4 5 5 1 1 3 5 2 5 0 5 4 2 3 5 5 5 1 2 4 5 4 4 4
 4 5 4 1 1 3 1 5 2 5 4 1 4 2 0 2 1 3 3 3 0 4 5 1 1 3 1 2 5 0 4 0 1 5 3 2 1
 3 5 2 4 0 2 1 4 4 1 4 2 5 4 0 0 2 2 5 3 4 3 5 1 0 5 3 3 5 2 3 1 4 1 0 1 5
 2 5 3 2 4 4 0 2 1 4 1 5 3 0 5 0 3 1 5 3 0 0 2 0 2 3 3 4 4 3 2 5 0 4 4 1 3
 4 2 5 3 2 1 0 1 4 0 4 1 0 4 2 3 1 0 5 4 1 4 0 4 3 5 4 5 4 1 4 2 3 0 5 3 0
 5 5 5 5 5 3 2 4 5 4 5 3 5 3 0 0 0 3 3 5 3 2 3 4 5 1 3 5 3 3 4 3 0 5 5 1 5
 5 0 0 3 5 5 1 2 5 5 0 2 0 3 4 3 3 2 3 3 0 3 1 3 5 5 0 5 2 2 3 4 3 4 1]",,0.25629859514141223
OliveOil_1,"[2 2 1 3 2 1 1 1 0 2 1 2 2 0 1 3 3 0 0 0 0 0 1 0 0 0 0 0 1 1 2 3 2 2 1 1 2
 2 1 1 1 1 2 2 1 3 0 0 1 0 0 0 0 0 0 1 0 0 0 0]",,0.3632076568913728
PhalangesOutlinesCorrect_1,[1 1 1 ... 0 0 1],,-0.000679389
Phoneme_1,[27  4 24 ... 35 14 30],,0.029221834206783447
PigAirwayPressure_1,"[18  9  8  8  7  7 43 28 47  0 18 14 44 40 32 32 14 44 44 44 14 17  9 35
 20 22 34 36  2 27 34 28  8  4 50 35 12 12  0 29 15  1 16 16 13 13  3  2
  1 42 45 45 46 10 25  5 26 24 28  3 10 50 37 19  2 37 40 13 23  0 26 10
 37 25 20 39  1 27 37 27 51 26 11 32 26 27 20 50 10 23 26 23 37 12 44 14
 19  0 34 35 15 10 29 15 18 36 18 47  8  8  8  8 49 49  7  7 43 43 28 25
 47 27 18 31 18  9 14 42  0 29 41  2 35 25 24 25 33 19 29  1 44 24 44 29
 17 17 31 14  9  6  6  6 11 50 12 22 36 36 36 38 29 20 37 37 33 19 33 33
  4  8  4  4 22 29 22 48 39 12  0 12 11  1 12 27  0 37 42 37 16 16 16 33
  1 35 26  1  3  3 37 37 22 12 12 50 45 45 45 45 46 46 46 21 46 46 17 17
 24 10 40 25  2  5  2  5 24 50 24 50  2 38 38 13 26  2 35  2 24 13 11 24
 21 37 32  1 42 37 23 10 23  0 26 26 51 39  2 12 10 24 24 24 37 10 11 28
 41 25 51 35 41 33 20 25 37 27 11 24 20 23 51 51 19 13 10 46 22 26 51 26
 39  2 37 12 23 38  2  2 13 10 31  5  6 26  0  3 25 17 50 19 42 22 51 20]",,0.1443750316334425
PigArtPressure_1,"[13 13  8  8 21 49 29 28 40 30 33 33  0 24 17 17 36 36  3  3 51 51 11 11
 15 25 20 20  2  2 51 51 13 21  5  5  4 29 37 14 28 14  7  7 10 10 15 15
 33 33  1 13  1 45 21 34  9  9  0 44 12 46 27 50 35 16 42 42 23 23 22 22
 29  4  0 44 43 43  2  2 49 21 47  4 46 46 15 25 12 34  0 49 31  0 19 19
 41 21 41 41 38 38 21  1 13 13 13 13  8  8  8  8 36 48 49 37 38 29 38 28
 30 40 30 30 33 29 14 28  0  0 24 24 37 17 28 45 36 36 36 36  3  3  3  3
 24 32 51 51  1 26 11 26 25 25 25 25 20 20 20 20  1  2  2  2 26 51 26 32
 13 39 39 39  5  5 25 17  4 47 29  6 17 28 14 14 14 28 14 14  7  7  7  7
 32 32 10 10  6 15 15 15 33 33 33 33 24 31 39 37 38 17 45 45  3  3 34 34
  9  9  9  9 49  0 44 44 12 12 12 12 27 50 16 16 35 16 35 35 42 42 42 42
 23 23 23 23 37 17 22 22  4 25  4  4 44 44 44  6 43 43 43 43  2  2  2  2
 29 49 21 31 47 47 49 49 46 46 46 46 41 15 25 25 12 12 34 34 49  6  0 49
 31 31  1 31 19 19 19 19 21 21 17 39 41 41 41 41 38 38 38 38 21 31  1 48]",,0.47770528658066025
PigCVP_1,"[ 9 51 11 33 38 17 36 48 45 45 24 24  0  0 51 51 42  3 35 35 26 26  5 17
 23 46 18 18 19 19 27 27 21 25 23 23 17  7 15  3 15 44  6  2 13 13 16 49
  3 22  2 48 14 48 19 19 37 37 49 49 29  4  8  8  8  8 34 12 20 20  5 22
  2  1 38 38 32 14 31 31 22 24 15 10 27 31 22 30 47 47 20 30  1  1 23 41
 28 50 28 22 11 40 20 20  9  9 27 48 11 11 33 33 10 17 10 10 36 36 40 48
 45 45 45 45 24  5 24 24  0  0 17  9 51 40 40 35 42 42  3 51 35 35 35 35
 45 14 26 26  5 50 29 32 41 46 46 46 18 18 18 18 19 19 19 19 27 27 27 27
  2 25 25 25 23 23  1 32 17 17  7  7  3 38  3  3 44 24  4 40  6  6  6  6
 13 12 13 13 40 46 41 30  3  3  5 22  2 33 48 25 14 14 38 22 39 39 31 31
 37 37 37 37 49 49 49 22 28 14 29  4 30 38  8 33 30  8  8 30 34 34 12 12
 22 20 20 20 29 47 24 17 10 21  1 29 38 38 17 49  4 32 32 32 31 31 31 31
 29 25 47 29 21 21 10 10 27 27 34 31 23 23 30 30 14 47 10 47 30 49 17 30
 29  1  1  1 16 41 16 16 28 28 50 50 47 29 22 22 21  2 32 32 17 20 20 34]",,0.359903202283238
Plane_1,"[1 6 0 4 2 0 0 1 2 0 0 3 0 3 6 0 1 6 6 3 0 0 3 3 4 6 1 2 0 3 5 3 1 2 0 3 2
 1 1 6 2 1 4 6 4 4 6 5 3 3 3 5 3 4 5 1 3 6 5 6 2 2 4 5 0 3 4 6 3 5 5 1 0 3
 0 5 4 2 2 6 0 3 1 1 4 4 2 6 2 6 4 3 4 0 1 5 2 3 0 0 1 3 6 2 6 0 1 5 4 2 6
 5 2 6 5 2 5 0 6 5 4 6 6 0 3 2 6 1 1 4 0 0 1 5 4 4 0 6 3 4 5 5 6 2 0 6 2 2
 0 4 0 5 2 0 5 2 3 0 4 5 0 5 1 4 2 6 1 4 6 4 1 6 5 3 1 5 1 5 2 2 5 4 3 2 2
 2 3 3 4 5 5 1 3 1 6 5 3 1 1 2 4 1 1 5 4 4 5 6 4 3]",,0.9887526896039681
PowerCons_1,"[0 0 0 0 1 1 1 1 1 0 0 1 1 1 0 1 1 0 0 1 1 1 0 0 0 0 1 1 1 1 0 1 0 1 0 0 0
 0 1 0 1 0 0 1 0 0 0 0 0 0 1 0 1 0 0 1 1 1 0 1 1 0 1 1 0 0 1 1 0 1 1 0 1 0
 1 1 1 0 0 1 1 0 1 1 0 0 0 0 1 0 0 1 1 0 0 0 0 1 0 0 0 0 0 0 0 0 0 0 1 1 1
 0 0 1 0 0 0 0 0 1 1 0 0 0 0 1 1 1 1 1 0 1 1 0 1 1 0 1 1 1 0 1 1 1 0 0 1 0
 1 0 0 0 0 0 0 0 1 0 0 1 1 1 0 0 1 1 0 0 0 1 0 1 0 1 0 0 0 0 1 1 1 1 1 1 0
 0 1 0 1 0 0 0 1 1 0 1 0 0 0 1 1 1 0 1 0 1 1 1 0 0 0 0 0 0 0 1 0 0 0 0 0 1
 1 1 0 0 1 0 0 0 1 0 1 0 0 0 0 0 1 0 0 0 0 1 0 1 0 0 0 0 0 0 0 1 0 1 1 1 0
 1 0 0 0 0 1 0 1 0 1 1 0 0 0 1 0 0 0 0 0 0 0 0 1 1 0 0 0 1 0 1 1 0 1 1 0 0
 1 0 1 0 0 1 0 0 0 1 0 1 0 1 1 1 0 0 1 1 1 0 1 1 0 1 1 1 0 0 1 0 1 0 1 1 0
 1 0 1 0 1 0 0 0 1 0 1 1 1 0 0 0 0 0 1 0 0 0 0 1 0 0 1]",,0.03304173251507171
ProximalPhalanxOutlineAgeGroup_1,"[2 2 0 0 2 2 0 0 0 0 0 0 0 0 0 0 0 0 0 0 0 0 0 2 2 2 0 2 2 2 0 2 0 2 2 2 0
 0 0 0 0 2 0 0 0 2 2 2 2 2 0 2 2 0 2 0 0 0 0 0 2 2 2 2 0 2 0 0 0 0 2 2 2 2
 2 0 2 0 0 0 0 0 0 2 2 2 2 2 0 0 0 2 2 0 0 0 0 0 0 0 2 2 2 2 2 2 2 0 2 0 2
 0 2 0 0 2 2 0 2 0 2 2 0 2 2 2 0 0 2 2 2 2 0 2 2 2 2 2 2 0 0 0 0 2 2 0 0 2
 2 0 2 0 2 2 0 0 0 2 2 0 2 2 0 2 2 2 2 0 0 2 2 0 2 2 0 2 2 0 0 2 2 0 0 0 2
 2 2 2 0 2 0 0 0 2 2 2 0 2 2 0 0 0 0 0 0 0 0 2 0 0 0 0 0 0 0 0 0 2 0 2 2 0
 2 2 2 2 2 2 0 2 1 1 1 1 1 1 1 1 1 1 1 1 1 1 1 1 1 1 1 1 1 1 1 1 1 1 1 1 1
 1 1 1 1 1 1 1 1 1 1 1 1 1 1 1 1 1 1 1 1 1 1 1 1 1 1 1 1 1 1 1 1 1 1 1 1 1
 1 1 1 1 1 1 1 1 1 1 1 1 1 1 1 1 1 1 1 1 1 1 1 1 1 1 1 1 1 1 1 1 1 1 1 1 1
 1 1 1 1 1 1 1 1 1 1 1 1 1 1 1 1 1 1 1 1 1 1 1 1 1 1 1 1 1 1 1 1 1 1 1 1 1
 1 1 1 1 1 1 1 1 1 1 1 1 1 1 1 1 1 1 1 1 1 1 1 1 1 1 1 1 1 1 1 1 1 1 1 1 2
 2 0 2 2 2 0 0 0 2 0 0 0 2 2 0 2 2 2 0 0 2 0 0 0 2 2 2 2 0 0 0 0 0 2 0 2 0
 0 2 0 0 2 2 2 2 0 0 0 0 2 0 2 2 2 0 2 2 0 2 2 0 2 0 0 0 0 0 0 2 0 2 0 0 0
 0 2 2 2 0 2 2 2 0 0 2 0 2 0 2 2 0 2 0 0 0 0 0 0 0 0 0 0 0 2 0 1 1 1 1 1 1
 1 1 1 1 1 1 1 1 1 1 1 1 1 1 1 1 1 1 1 1 1 1 1 1 1 1 1 1 1 1 1 1 1 1 1 1 1
 1 1 1 1 1 1 1 1 1 1 1 1 1 1 1 1 1 1 1 1 1 1 1 1 1 1 1 1 1 1 1 1 1 1 1 1 1
 1 1 1 1 1 1 1 1 1 1 1 1 2]",,0.5612737331941196
ProximalPhalanxOutlineCorrect_1,"[1 1 1 1 1 1 1 1 1 1 1 1 1 1 1 1 1 1 1 1 1 1 1 1 1 1 1 1 1 1 1 1 1 1 1 1 1
 1 1 1 1 1 1 1 1 1 1 1 1 1 1 1 1 1 1 1 1 1 0 1 0 1 1 1 1 1 1 1 1 1 1 1 1 1
 1 1 1 1 1 1 1 1 1 1 1 1 1 0 1 1 1 1 1 1 1 1 1 1 1 1 1 1 1 1 1 1 1 1 1 1 1
 1 1 1 1 1 1 1 1 1 1 1 1 1 1 1 1 1 1 1 1 1 0 1 1 1 1 1 1 1 1 1 1 1 1 1 1 1
 1 1 1 1 1 1 1 1 1 1 1 1 1 1 1 1 1 1 1 1 1 1 1 1 1 1 1 1 1 1 1 1 1 1 1 1 1
 1 1 1 1 1 1 1 1 1 1 1 1 1 1 1 1 1 1 1 1 1 1 1 1 1 1 1 1 1 1 1 1 1 1 1 1 1
 1 1 1 1 1 1 1 1 1 1 1 1 1 1 1 1 1 1 1 1 1 1 1 1 1 1 1 1 1 1 0 1 1 1 1 1 1
 1 1 1 1 1 1 1 1 1 1 1 1 1 1 0 1 1 1 1 1 1 1 1 1 1 1 1 1 1 1 1 1 1 1 1 1 1
 1 1 1 1 0 0 0 0 0 0 0 0 0 0 0 0 0 0 0 0 0 0 0 0 0 0 0 0 0 0 0 0 0 0 0 0 0
 0 0 0 0 0 0 0 0 0 0 0 0 0 0 0 0 0 0 0 0 0 0 0 0 0 0 0 0 0 0 0 0 0 0 0 0 0
 0 0 0 0 0 0 0 0 0 0 0 0 0 0 0 0 0 0 0 0 0 0 0 0 0 0 0 0 0 0 0 0 0 0 0 0 0
 0 0 0 0 0 0 0 0 0 0 0 0 0 0 0 0 0 0 0 0 0 0 0 0 0 0 0 0 0 0 0 0 0 0 0 0 0
 0 0 0 0 0 0 0 0 0 0 0 0 0 0 0 0 0 0 0 0 0 0 0 0 0 0 0 0 0 0 0 0 0 0 0 0 0
 0 0 0 0 0 0 0 0 0 0 0 0 0 0 0 0 0 0 0 0 0 0 0 0 0 0 0 0 0 0 0 0 0 0 0 0 0
 0 0 0 0 0 0 0 0 0 0 0 0 0 0 0 0 0 0 0 0 0 0 0 0 0 0 0 0 0 0 0 0 0 0 0 0 0
 0 0 0 0 0 0 0 0 0 0 0 0 0 0 0 0 0 0 0 0 0 0 0 0 0 0 0 0 0 0 0 0 0 0 0 0 0
 0 0 0 0 0 0 0 0 1 1 1 1 1 1 1 1 1 1 1 1 1 1 1 1 0 1 1 1 1 1 1 1 0 1 1 1 1
 1 1 1 1 1 1 1 1 1 1 1 1 1 1 1 1 1 1 1 1 1 1 1 1 1 1 1 1 1 1 1 1 1 1 1 1 1
 1 1 1 1 1 1 1 1 1 1 1 1 1 1 1 1 1 1 1 1 1 1 1 1 1 1 1 1 1 1 1 1 1 1 1 1 1
 1 1 1 1 1 1 0 1 1 1 1 1 1 1 1 1 1 1 0 0 0 0 0 0 0 0 0 0 0 0 0 0 0 0 0 0 0
 0 0 0 0 0 0 0 0 0 0 0 0 0 0 0 0 0 0 0 0 0 0 0 0 0 0 0 0 0 0 0 0 0 0 0 0 0
 0 0 0 0 0 0 0 0 0 0 0 0 0 0 0 0 0 0 0 0 0 0 0 0 0 0 0 0 0 0 0 0 0 0 0 0 0
 0 0 0 0 0 0 0 0 0 0 0 0 0 0 0 0 0 0 0 0 0 0 0 0 0 0 0 0 0 0 0 0 0 0 0 0 0
 0 0 0 0 0 0 0 0 0 0 0 0 0 0 0 0 0 0 0 0 0 0 0 0 0 0 0 0 0 0 0 0 0 0 0 0 0
 0 0 1]",,0.050335130188022686
ProximalPhalanxTW_1,"[1 3 1 1 1 3 0 0 0 0 0 3 0 0 0 0 0 1 2 0 0 0 0 0 5 0 0 2 5 0 0 5 0 0 0 4 5
 0 0 5 0 0 0 0 3 5 0 0 0 2 0 0 0 0 3 1 0 0 4 0 3 0 5 0 0 3 0 5 0 3 2 0 0 0
 4 0 0 3 0 3 1 5 3 3 5 0 1 2 3 0 5 1 0 0 1 1 3 3 0 2 4 3 4 3 3 3 0 0 2 0 1
 4 1 2 0 2 1 0 0 1 0 4 1 4 2 0 4 4 0 0 0 4 5 5 0 0 1 1 1 0 0 3 0 0 0 4 1 3
 1 0 0 2 3 0 0 1 4 2 0 0 0 0 4 5 3 4 3 5 1 0 0 4 4 3 0 0 2 0 0 1 0 0 4 0 2
 2 0 4 1 0 0 3 4 1 5 4 5 0 0 3 0 1 0 0 0 5 0 0 0 3 0 0 4 0 2 5 0 5 0 3 1 0
 5 0 5 0 0 0 0 0 3 0 0 3 5 1 0 4 0 0 0 3 0 2 0 4 4 0 0 5 0 4 0 0 0 5 0 2 5
 3 1 4 0 2 4 3 0 4 0 0 4 1 0 4 2 3 5 0 0 1 4 3 5 2 0 0 5 0 1 0 3 3 0 0 0 4
 4 0 3 5 0 4 0 4 3 0 1 0 0 5 3 5 0 1 0 1 0 3 3 0 3 1 0 1 4 0 1 3 0 0 5 0 0
 1 0 0 0 0 0 1 0 5 0 0 2 4 4 2 0 3 0 0 0 1 4 3 1 0 1 3 5 0 5 3 4 0 5 0 5 4
 3 0 1 4 0 0 4 0 3 2 0 1 0 4 0 1 0 1 5 0 2 0 5 3 4 0 1 1 0 0 0 0 4 0 0 0 0
 2 0 5 0 0 3 5 1 5 3 5 4 1 0 2 0 2 0 0 0 0 0 5 0 3 3 4 0 5 0 0 3 0 4 0 2 0
 4 1 0 3 0 1 0 1 5 0 4 0 3 5 3 3 0 5 0 0 4 0 5 0 2 0 0 0 5 0 4 5 2 5 0 3 0
 0 0 4 0 0 4 0 3 1 0 0 0 0 0 1 0 4 1 0 0 0 1 0 0 0 2 0 2 4 4 4 3 0 1 1 2 4
 5 0 1 0 0 1 0 0 1 0 0 5 0 0 1 3 0 0 1 5 0 2 0 0 2 3 1 0 3 0 5 2 3 0 4 2 4
 4 0 1 0 3 0 0 0 3 4 2 5 4 2 4 5 4 3 4 4 2 3 2 1 3 0 5 0 2 2 3 3 1 1 2 5 2
 3 4 2 1 3 3 1 5 4 4 3 3 1]",,0.6532078543165653
RefrigerationDevices_1,"[1 1 1 1 2 1 1 1 0 1 0 0 0 0 0 1 2 1 1 1 0 0 0 0 0 0 0 0 0 0 1 1 1 1 1 0 0
 1 0 1 1 1 1 1 0 0 0 0 0 0 0 0 0 0 0 1 1 1 1 1 0 0 0 0 0 0 0 0 0 0 0 0 0 0
 0 0 0 0 0 0 0 0 0 0 0 1 1 0 1 0 0 0 0 0 0 0 0 0 0 0 1 1 1 1 1 1 1 1 1 1 0
 0 0 0 0 0 0 0 0 0 0 0 1 0 0 0 0 0 0 0 0 0 0 0 0 0 0 0 0 0 1 1 1 2 0 0 0 0
 0 0 1 1 1 1 2 1 1 1 1 1 0 0 0 0 0 0 0 0 0 0 1 2 2 2 2 0 0 0 0 0 0 0 0 0 0
 0 0 0 0 0 0 0 0 0 0 0 0 0 0 0 2 2 2 2 2 1 1 1 1 1 0 0 0 1 1 0 0 0 0 0 1 1
 1 1 1 0 0 0 0 0 0 1 1 0 0 1 0 1 1 1 2 2 2 2 2 0 1 1 1 0 0 0 0 0 0 0 0 0 0
 0 0 0 0 0 0 1 1 0 0 1 0 0 0 0 0 2 2 2 2 2 0 0 0 0 0 0 0 0 0 0 0 0 0 0 0 0
 0 0 0 0 0 0 0 0 0 2 2 2 2 2 0 0 0 0 0 0 0 0 0 0 0 0 0 0 0 0 0 0 0 0 0 0 0
 0 0 2 2 2 1 1 1 1 1 1 1 0 0 0 0 0 0 0 0 0 0 2 2 2 2 2 0 0 0 0 0 0 0 0 0 0
 0 0 0 0 0 0 0 0 0 0 0 0 0 0 0 0 0 0 0 0 2 2 0 2 2 2 2 1 1 1 0 0 0 0 0 0 0
 0 0 0 0 0 0 0 0 0 0 2 0 1 1 1 1 1 1 0 0 0 0 0 0 0 0 0 0 2 2 2 1 2 0 0 0 0
 0 0 0 1 1 2 0 0 0 0 0 0 0 0 1 0 0 0 0 0 0 2 2 1 1 2 2 2 2 2 2 0 0 0 0 0 1
 1 1 1 1 0 0 0 0 0 0 0 0 0 0 0 0 0 0 0 2 2 1 2 2 0 0 0 0 0 1 1 1 1 1 1 1 1
 1 1 0 0 0 0 0 0 0 0 0 1 1 1 1 1 1 0 0 0 0 0 1 1 1 1 0 1 0 0 1 1 0 1 0 0 0
 2 2 2 2 2 0 0 0 0 0 0 0 0 0 0 0 0 0 0 0 0 0 0 0 0 0 0 0 0 0 0 0 0 0 0 2 2
 2 2 2 0 1 0 1 1 0 0 0 0 0 1 0 1 0 1 1 1 1 1 1 1 1 1 1 1 0 0 0 0 0 0 0 0 0
 0 1 0 1 1 1 0 0 0 0 0 0 0 1 0 0 0 0 0 0 0 1 1 1 1 1 0 0 0 0 0 0 0 0 0 0 0
 0 0 0 0 0 0 0 0 0 0 0 0 0 0 0 0 0 0 0 0 2 2 2 2 0 0 0 0 0 0 0 0 0 0 0 0 0
 0 0 0 0 0 0 1 0 0 0 0 0 0 0 0 0 0 0 0 0 0 0 0 0 0 0 0 0 0 0 0 0 0 0 0 0 0
 0 0 0 0 0 0 2 0 0 2]",,0.02266237582193963
Rock_1,"[3 3 0 0 0 2 2 2 2 3 1 1 2 1 2 2 3 0 3 1 0 1 3 3 3 0 0 3 2 3 0 3 0 3 0 0 3
 3 1 3 3 3 3 2 3 3 3 2 3 2 2 2 1 2 2 1 0 1 2 1 2 1 1 2 2 1 1 1 1 1]",,0.18907266177580662
ScreenType_1,"[1 1 1 1 1 1 1 1 1 1 1 1 1 1 1 2 1 1 2 2 1 0 1 1 1 2 2 2 2 2 0 0 0 0 2 1 2
 1 1 1 0 0 1 0 0 2 2 2 2 2 2 2 1 1 1 1 1 1 2 1 1 0 0 0 1 1 1 1 1 1 1 1 2 2
 1 1 1 1 1 1 0 2 0 0 2 1 1 1 1 1 1 2 2 2 0 1 1 0 1 1 2 2 1 1 2 2 1 2 1 2 1
 1 1 1 1 0 0 0 0 0 0 0 2 2 2 0 0 0 0 0 1 2 2 1 2 1 1 1 1 1 1 1 1 1 1 1 1 1
 1 1 1 0 0 0 0 1 1 2 1 1 2 2 2 2 2 1 2 1 1 1 1 2 1 1 1 2 2 1 2 2 1 1 1 1 1
 2 1 1 1 1 1 2 2 1 2 1 1 1 2 1 1 1 1 1 1 2 1 2 2 2 1 1 2 1 1 1 1 2 2 1 2 1
 1 2 1 1 1 2 1 2 1 1 2 2 2 0 0 0 0 0 0 0 0 0 1 1 1 2 2 1 1 1 1 1 1 2 1 1 1
 2 1 1 2 1 1 1 2 2 0 2 2 2 1 1 1 2 1 1 1 1 2 0 0 2 2 0 0 0 0 0 1 1 1 1 1 1
 2 1 1 1 2 1 1 2 1 0 1 0 1 0 2 2 2 2 2 2 2 2 1 2 2 2 2 2 2 2 2 2 2 2 1 2 1
 2 1 0 0 0 0 0 2 0 0 1 0 1 1 1 1 1 1 1 2 0 0 0 0 0 0 1 2 0 1 0 2 0 0 0 0 2
 1 2 1 1 2 2 1 2 2 2 0 1 2 1 1 1 1 1 1 1 1 2 1 2 1 2 0 0 0 1 1 1 1 1 1 0 0
 0 0 0 2 2 2 2 1 1 1 1 1 2 2 1 2 1 1 2 2 2 2 2 1 1 1 1 1 2 1 1 2 2 2 2 2 2
 2 1 1 1 2 1 0 1 0 0 0 2 2 1 1 1 2 2 2 1 2 0 1 1 1 1 2 2 2 2 2 1 2 1 2 1 2
 2 2 2 2 1 1 1 2 1 2 2 2 2 1 1 1 1 1 1 2 2 1 1 2 1 1 1 1 1 2 2 2 2 2 2 2 2
 1 2 2 2 1 2 1 1 1 2 2 1 2 2 2 2 2 0 0 0 0 0 2 1 1 1 2 1 2 0 2 0 1 1 1 1 1
 2 1 1 2 2 2 1 2 1 2 1 0 2 2 2 0 2 2 2 1 1 2 2 2 1 1 1 1 1 1 1 2 1 1 1 1 2
 2 2 2 1 1 1 1 1 2 1 2 2 1 0 1 1 1 1 1 1 1 1 1 2 2 2 2 2 1 2 2 1 1 2 1 1 1
 1 0 0 0 0 0 0 0 1 1 0 2 2 1 2 2 1 2 0 2 2 1 1 1 0 1 0 0 0 0 0 2 0 1 2 0 0
 0 0 0 0 0 0 0 0 0 2 2 1 2 2 0 0 0 0 0 0 0 2 0 0 2 2 2 2 2 0 1 0 0 0 1 0 1
 1 0 2 2 1 2 2 0 1 0 1 0 0 0 0 0 0 2 2 2 2 2 1 2 1 1 1 0 2 2 2 0 2 2 1 1 0
 0 0 0 0 0 0 0 0 0 1]",,0.03015146384565787
SemgHandGenderCh2_1,"[1 1 1 1 0 1 1 1 0 1 1 1 1 1 1 1 1 1 1 1 1 0 1 1 1 1 1 0 1 1 1 1 1 1 1 1 1
 1 0 1 1 1 0 1 1 0 1 1 1 1 1 1 1 1 0 1 1 1 1 0 1 1 1 1 0 1 1 1 1 1 1 1 0 1
 1 1 0 1 1 1 1 1 0 1 1 1 1 1 1 0 1 1 0 0 1 1 1 1 1 0 1 0 1 1 1 0 1 1 0 0 0
 1 1 1 1 0 1 0 0 1 1 1 1 0 1 0 0 1 1 0 0 1 1 0 1 0 1 0 1 1 1 1 0 1 0 0 0 1
 1 1 1 1 1 1 1 1 1 1 1 0 1 0 1 1 1 1 1 1 1 0 1 1 0 1 1 1 1 1 1 0 1 0 1 1 1
 1 1 1 1 1 0 1 1 0 1 1 1 0 1 0 1 1 1 1 1 1 1 1 1 1 1 1 1 1 0 0 1 1 1 1 1 0
 0 0 1 1 0 1 1 1 1 1 1 1 1 1 1 1 1 1 1 1 1 1 1 1 0 1 1 1 1 0 1 1 1 1 1 1 1
 1 1 1 1 1 1 1 1 0 1 1 1 0 0 1 1 1 1 1 1 1 0 1 0 1 1 1 1 1 1 1 1 1 1 1 1 1
 1 1 1 0 1 1 1 1 1 1 1 1 1 0 1 1 0 1 1 0 0 1 0 1 1 1 1 1 1 1 0 1 1 1 1 1 0
 0 1 1 1 1 1 1 0 1 0 1 1 0 1 1 1 1 1 1 1 0 1 0 1 1 1 1 1 1 1 0 1 1 0 1 1 1
 1 1 0 1 1 1 1 1 1 1 0 1 1 1 1 1 1 1 0 0 1 1 1 1 0 1 1 0 1 0 1 1 1 1 1 0 1
 0 1 1 1 0 0 1 1 1 1 0 0 1 1 1 1 1 1 1 1 1 1 0 0 1 1 0 1 1 1 0 0 1 1 1 1 1
 1 0 1 1 1 1 1 1 0 1 1 1 1 0 1 1 1 1 1 0 1 1 1 1 1 1 1 1 0 1 1 0 0 1 1 1 1
 0 1 1 1 1 1 1 0 0 1 1 1 0 0 0 1 0 1 1 1 1 1 1 1 1 1 1 1 1 1 0 0 1 0 1 1 0
 1 1 1 1 1 0 1 1 1 1 1 1 1 1 0 1 1 1 1 1 1 0 1 1 1 1 1 1 0 1 1 1 0 1 1 1 1
 1 1 1 1 0 1 1 1 1 1 1 1 1 1 1 1 1 1 1 1 1 1 0 1 1 1 1 0 1 0 1 1 1 1 1 1 1
 1 1 1 1 0 1 1 1 1 0 1 1 1 0 1 0 1 1 1 1 0 1 1 1 1 1 1 1 1 1 1 1 0 1 1 1 1
 1 1 1 1 0 1 1 1 0 1 1 0 0 0 1 0 0 1 0 0 1 1 0 0 1 0 1 0 1 1 1 1 1 1 0 1 1
 1 0 1 1 1 1 1 1 1 1 0 1 1 1 1 1 1 1 0 1 1 0 1 1 0 0 1 1 1 1 1 1 1 1 1 1 1
 1 1 1 1 1 1 1 0 1 0 1 1 0 1 1 1 1 1 0 1 1 0 1 1 1 0 1 1 1 1 1 1 0 1 1 1 1
 1 1 1 1 0 1 0 1 1 0 0 1 1 0 1 1 0 1 1 1 1 1 1 0 1 1 0 1 1 0 1 1 1 1 1 1 1
 1 1 0 0 1 0 1 1 1 1 1 1 0 1 1 0 1 1 1 1 1 1 1 1 1 1 1 0 1 1 1 1 0 1 0 1 0
 1 1 0 1 1 1 1 1 1 0 1 1 0 1 1 1 1 1 1 1 1 1 1 1 1 1 1 0 1 0 1 1 1 1 0 1 1
 0 0 0 1 0 1 0 1 1 1 0 0 1 1 1 1 1 1 1 1 1 1 1 1 1 1 1 1 1 0 1 1 1 1 1 1 0
 1 1 1 1 1 1 1 1 0 0 1 0]",,-0.007032505
SemgHandMovementCh2_1,"[3 3 2 2 2 0 1 0 2 0 2 0 2 1 4 2 2 0 0 1 0 2 0 3 2 0 2 0 3 2 4 3 3 2 0 4 0
 1 2 0 2 4 2 1 2 3 0 0 0 2 0 3 2 2 4 3 3 0 3 0 2 2 0 2 0 0 3 1 3 2 0 2 2 0
 0 2 1 1 3 3 0 4 0 0 3 0 3 3 3 0 4 1 3 1 1 1 4 1 3 1 1 0 1 1 1 4 3 0 4 1 1
 0 1 3 2 0 3 3 0 4 3 1 0 0 3 1 1 3 1 5 4 4 3 1 1 1 3 1 0 4 0 0 3 3 3 2 1 4
 1 1 0 3 0 3 3 3 3 0 0 3 3 3 3 0 3 3 3 0 0 0 3 2 3 2 0 0 0 3 0 0 3 0 0 0 3
 0 0 3 3 0 0 0 3 3 3 0 3 0 0 3 0 0 2 1 3 3 0 3 0 0 3 3 0 3 0 0 0 3 0 0 3 3
 0 3 3 0 2 3 2 3 3 3 0 0 0 3 3 0 3 3 0 3 3 3 0 2 3 3 0 3 3 1 3 0 3 0 3 3 0
 3 0 0 0 3 0 3 3 0 0 3 0 0 0 0 3 0 3 1 0 0 3 0 3 3 3 0 0 3 2 0 0 2 3 0 3 3
 3 3 2 0 0 5 3 3 2 3 3 3 3 3 1 5 4 0 4 3 3 1 3 1 0 1 4 4 4 5 2 5 4 4 2 4 3
 5 5 3 4 5 3 5 4 4 1 2 3 5 4 5 4 5 2 1 4 5 1 3 1 2 5 4 5 2 1 5 4 4 1 4 4 1
 4 2 5 2 3 3 0 3 0 1 0 0 1 1 2 1 0 0 0 0 3 3 1 3 3 3 3 3 0 0 1 0 1 0 0 3 3
 3 1 3 0 0 2 0 0 1 3 3 3 3 0 3 0 1 0 3 3 1 0 1 3 0 0 1 0 1 1 0 3 3 3 0 0 3
 0 3 1 3 2 1 0 1 2 0 2 2 2 1 4 0 0 2 1 2 1 2 4 2 1 4 0 0 3 0 3 0 2 0 2 2 3
 0 1 2 2 1 3 0 0 1 1 0 2 4 0 2 2 2 3 0 2 0 2 3 0 2 1 0 0 1 1 4 1 4 2 2 2 1
 4 0 2 0 2 2 2 3 1 1 1 0 0 0 3 1 1 3 1 1 3 0 3 0 3 0 1 1 4 1 3 1 3 3 2 3 3
 0 1 1 2 1 3 3 3 0 1 4 1 3 1 1 3 1 0 0 1 1 1 0 1 4 3 3 0 0 4 1 1 1 1 3 3 1
 1 0 3 0 3 1 3 3 0 0 3 3 0 0 3 0 0 3 0 3 0 3 0 0 0 0 3 0 0 0 2 0 3 0 3 0 3
 3 3 0 0 0 3 3 3 0 3 0 2 0 0 3 0 3 0 2 3 0 3 3 0 3 3 0 0 0 3 0 3 0 0 0 0 3
 3 3 0 0 0 0 0 0 0 3 2 3 3 0 0 3 3 0 0 3 2 3 3 0 0 2 3 3 0 0 2 0 0 0 2 0 0
 3 1 3 0 0 0 0 3 3 3 0 0 2 3 3 3 0 0 3 3 0 3 0 2 0 3 3 3 0 3 3 3 3 3 0 0 3
 2 0 3 0 0 0 0 3 0 0 4 2 3 3 5 2 3 3 2 4 5 1 3 4 1 2 5 0 4 4 5 1 2 0 4 1 4
 5 0 2 2 3 1 2 1 0 2 3 2 2 2 2 0 1 2 3 3 4 5 3 5 1 1 4 0 5 1 0 2 0 0 4 4 4
 5 5 1 5 2 5 1 3 1 2 1 0 3 0 0 1 0 3 0 3 0 3 0 0 0 0 0 0 3 3 3 0 1 3 3 0 1
 0 0 0 1 3 0 3 0 1 0 0 3 1 0 0 0 3 0 3 3 0 1 0 0 0 0 3 3 0 3 0 0 0 0 3 3 1
 3 3 3 3 3 0 0 3 1 0 0 4]",,0.07433218532403242
SemgHandSubjectCh2_1,"[2 0 3 0 3 0 3 3 3 3 0 3 2 3 3 3 3 0 0 0 0 0 0 3 3 3 0 0 3 3 0 3 3 0 3 3 0
 3 0 3 3 0 0 3 0 0 2 2 3 3 3 0 2 0 0 0 3 0 3 3 0 0 3 0 3 2 3 3 3 3 0 0 0 3
 3 3 0 3 3 3 0 0 3 0 3 0 2 0 0 3 0 4 1 0 0 0 0 0 1 1 0 3 3 1 4 1 3 1 0 1 4
 1 3 2 2 4 1 0 4 1 3 4 4 1 1 3 0 4 0 4 1 0 2 0 4 3 3 0 3 0 3 3 1 4 0 3 0 0
 1 1 0 1 1 3 0 0 0 0 3 3 2 4 4 1 0 4 0 4 2 3 1 2 2 4 1 1 1 2 4 3 0 4 0 0 3
 2 0 3 0 2 3 2 2 3 2 0 2 3 0 2 4 3 0 3 3 0 2 2 0 3 0 0 2 0 0 0 4 4 3 2 2 0
 2 4 4 3 4 4 2 3 2 3 0 2 4 0 2 0 4 4 0 2 0 3 3 2 2 3 4 0 3 2 3 0 4 4 0 0 3
 2 2 0 0 4 2 0 2 0 0 0 3 2 3 0 0 2 0 1 3 3 3 3 0 3 3 1 3 0 0 0 3 0 0 3 1 0
 0 2 2 3 0 3 3 1 4 3 3 0 0 4 1 2 3 3 1 3 0 3 3 2 2 3 1 0 3 3 3 3 1 2 3 3 3
 3 3 4 1 3 3 1 1 3 2 2 0 3 0 1 0 0 3 3 0 3 3 3 0 0 2 0 2 2 2 3 1 0 0 0 1 1
 2 1 3 1 1 1 1 2 1 0 1 1 0 0 1 1 3 0 0 0 3 0 0 0 0 0 0 0 2 2 2 2 3 1 0 2 1
 0 0 2 3 0 0 1 0 0 0 0 3 0 3 0 0 0 3 1 2 3 2 0 1 2 2 1 3 0 3 0 2 0 2 1 0 1
 1 0 2 1 2 2 3 3 3 2 3 0 0 3 0 3 3 0 3 0 3 0 0 0 0 3 3 0 3 0 0 0 3 3 0 0 2
 3 0 3 0 3 2 3 3 3 0 3 3 0 2 0 0 3 3 3 3 0 2 0 3 0 3 3 0 3 3 0 0 3 0 2 0 3
 3 0 0 3 3 3 3 3 3 0 0 3 3 3 0 0 2 0 3 0 3 3 2 2 1 0 4 3 2 1 0 3 3 1 1 4 3
 2 1 3 1 1 0 4 0 0 0 2 4 3 2 1 0 3 1 2 2 1 3 0 2 1 0 0 0 0 0 3 0 0 4 3 3 4
 3 1 0 3 3 4 0 3 0 0 3 3 4 0 0 2 2 3 1 4 1 4 2 1 1 1 4 1 0 1 2 4 1 0 0 3 0
 0 3 2 0 0 4 0 0 2 0 0 3 2 2 4 3 0 4 2 0 0 0 4 0 0 3 4 0 0 2 0 0 4 2 2 3 2
 0 2 0 3 2 0 3 2 2 2 0 0 0 0 0 0 0 3 4 0 3 2 0 0 4 2 2 2 3 2 0 0 0 2 0 3 0
 4 4 4 4 2 0 3 3 2 2 2 0 0 2 2 2 0 1 0 3 0 3 1 0 3 2 2 3 2 3 2 1 3 1 0 3 2
 3 3 3 0 0 1 0 1 0 1 2 0 3 0 2 0 2 3 3 2 2 3 2 3 1 2 2 1 0 2 0 3 0 2 2 1 0
 0 2 3 1 0 3 3 0 0 1 0 3 4 0 3 4 0 1 2 2 0 3 3 3 3 0 3 2 3 0 0 3 2 2 3 1 1
 0 0 0 2 3 0 0 2 0 1 3 1 2 2 0 2 3 0 2 2 1 3 2 0 0 1 2 0 4 0 1 2 3 2 0 0 2
 1 0 0 0 1 2 2 0 0 0 0 3 1 1 1 2 0 2 2 2 1 0 1 3 1 3 1 0 2 3 0 1 0 0 0 1 0
 2 2 2 1 2 3 0 1 0 1 2 4]",,0.049059029157698726
ShapeletSim_1,"[0 1 1 1 0 1 1 1 1 0 0 0 1 0 0 1 1 0 1 0 1 1 1 0 1 1 1 0 1 0 0 1 1 1 1 1 0
 0 1 1 1 0 0 0 1 1 1 1 0 0 1 1 1 0 1 1 0 1 0 0 0 1 0 1 1 1 1 1 1 0 0 1 0 1
 0 1 1 0 1 1 1 0 0 0 1 0 1 0 1 1 1 0 0 1 1 0 1 1 1 1 1 0 0 0 1 1 0 0 0 1 0
 1 0 1 1 1 0 1 0 0 1 1 1 0 1 0 1 1 1 0 0 0 1 0 1 0 1 1 1 0 1 1 0 0 1 0 1 1
 1 1 1 1 0 0 1 1 1 1 0 0 0 0 1 0 0 1 0 0 0 0 0 1 0 0 1 1 1 0 1 0 1 1 1 1 0
 1 1 0 1 0 1 0 1 1 1 1 0 1 0 0]",,-1.21E-05
ShapesAll_1,[50 50 50 ... 45 36 58],,0.39588150154573837
SmallKitchenAppliances_1,"[2 0 2 2 2 2 2 2 2 2 0 2 2 2 2 0 0 2 2 2 2 2 2 2 2 2 2 2 2 2 2 2 2 0 2 0 0
 0 1 0 2 2 2 0 2 2 2 2 2 2 0 2 2 2 2 0 0 0 2 2 2 2 2 2 2 2 2 2 2 2 2 2 2 2
 2 2 2 0 2 2 2 0 2 2 2 2 2 2 2 2 2 2 2 2 2 2 0 1 0 1 2 2 0 2 2 1 2 2 2 1 2
 2 2 2 2 0 0 0 0 2 2 2 2 2 2 1 1 2 1 1 2 2 2 2 2 1 1 1 1 1 1 1 1 1 1 1 1 1
 1 1 0 2 0 0 0 1 1 1 1 1 0 0 0 0 2 1 2 2 1 1 0 0 1 1 1 1 1 1 1 1 1 2 1 1 2
 0 0 0 0 0 2 1 0 1 1 1 1 1 1 1 2 2 2 2 2 1 1 2 2 1 1 0 0 1 0 1 2 1 1 2 1 1
 1 1 1 0 0 0 0 0 1 0 0 2 1 2 2 1 1 2 2 1 1 1 1 1 1 1 2 2 0 0 0 0 0 0 0 0 0
 0 0 0 0 0 0 1 1 1 1 1 0 0 0 0 0 0 1 1 0 0 1 1 2 1 1 2 1 0 2 0 0 2 0 0 0 0
 0 0 0 0 2 2 0 1 1 0 0 0 0 0 0 0 0 0 0 0 0 2 0 0 2 0 1 2 2 0 0 0 0 2 0 0 1
 0 0 0 0 0 1 0 0 0 0 0 0 0 0 0 2 0 2 0 0 0 0 0 0 0 0 0 0 0 0 0 0 0 0 0 0 0
 0 0 0 0 0 2 2 2 2 2 2 2 2 2 2 2 2 2 0 2 2 2 2 2 2 2 2 2 2 2 2 2 2 2 2 2 2
 0 2 0 2 0 2 2 2 2 2 0 2 2 2 2 2 2 2 2 2 1 0 2 0 2 2 0 2 2 2 2 2 2 0 0 2 2
 0 2 2 2 2 2 2 2 2 2 2 2 2 2 2 2 2 2 2 0 0 2 2 2 2 2 2 2 0 0 2 2 2 2 2 2 2
 2 2 2 2 1 2 2 2 2 2 2 2 2 2 2 2 2 2 2 1 1 2 1 2 1 1 1 1 1 1 1 1 2 1 1 1 1
 1 1 2 2 2 1 0 1 0 0 0 1 1 2 0 0 0 1 1 1 1 1 1 1 1 1 1 1 1 1 1 1 1 1 1 1 1
 1 0 0 0 0 1 1 1 1 1 2 2 1 2 2 1 1 1 1 1 0 0 0 0 0 1 2 2 2 1 0 0 1 0 0 1 1
 1 1 1 2 2 2 0 2 1 1 1 1 1 1 1 1 1 1 1 1 1 1 1 1 1 1 1 1 0 0 0 0 0 0 0 0 0
 0 0 0 0 0 0 0 0 0 0 0 0 0 1 0 0 0 0 0 0 0 1 1 1 1 1 0 0 0 0 0 0 0 2 0 0 0
 0 0 0 0 2 0 0 0 2 0 0 0 0 0 2 0 0 0 0 0 0 0 0 0 0 0 0 0 0 0 0 0 0 0 0 0 0
 0 0 0 0 0 0 0 0 1 0 0 0 0 0 0 0 0 0 0 2 0 0 1 1 1 1 1 0 0 0 0 0 0 0 0 0 0
 0 0 0 0 0 0 0 0 0 1]",,0.38535675996316715
SmoothSubspace_1,"[1 2 1 1 1 2 2 1 1 2 0 1 1 1 1 0 2 2 2 0 2 1 1 2 0 0 0 2 1 2 2 1 1 1 1 2 2
 1 2 1 1 2 1 0 2 1 1 2 2 1 2 2 2 1 2 1 1 2 2 2 2 1 2 1 2 0 2 2 2 2 2 0 0 0
 2 2 2 1 2 2 2 2 0 2 2 2 2 2 2 2 2 1 2 1 2 2 2 2 2 2 2 1 0 2 0 0 0 2 1 2 0
 0 0 2 2 0 2 2 0 0 1 2 2 2 0 0 0 0 2 2 1 2 0 0 0 0 0 2 2 1 2 2 0 2 0 2 0 0
 0 0 1 1 2 2 0 2 2 2 2 0 1 1 1 2 2 1 1 1 2 2 1 2 2 2 1 2 1 2 1 0 2 1 1 2 1
 1 0 2 1 1 1 1 1 1 2 0 1 1 0 2 0 2 1 2 1 2 1 2 2 2 1 2 2 2 1 2 1 2 2 2 1 2
 2 1 0 2 2 2 1 2 2 2 2 2 2 1 2 1 2 2 2 2 1 2 2 2 2 2 2 1 1 2 0 1 0 2 0 0 0
 2 1 0 2 0 0 0 2 2 2 0 0 0 0 2 1 2 2 2 2 0 2 2 2 0 1 2 2 1 2 0 0 0 0 1 2 0
 2 2 1 0]",,0.1027995419498863
SonyAIBORobotSurface1_1,"[0 0 1 1 1 1 0 1 1 0 1 0 1 1 1 1 1 1 1 0 0 1 1 0 0 0 1 1 0 0 0 1 1 0 0 1 0
 1 0 0 0 0 1 0 1 0 0 0 1 0 0 0 0 0 1 1 1 0 1 0 0 1 0 0 1 1 0 0 0 1 0 0 0 1
 1 1 1 0 0 0 0 0 0 0 1 1 0 0 0 1 0 1 0 0 1 0 0 1 1 0 1 0 0 1 0 1 0 0 0 0 0
 1 0 1 0 0 1 1 0 0 1 1 0 1 0 0 1 1 0 1 0 1 1 0 1 0 0 0 0 1 1 0 1 1 0 0 1 0
 1 1 1 1 0 1 0 1 0 0 0 1 1 0 0 0 0 1 0 0 1 1 0 0 0 0 0 0 0 0 1 0 0 0 1 0 1
 0 1 0 1 1 1 1 0 0 1 1 0 0 1 1 0 0 1 1 1 0 1 0 0 1 0 0 0 0 1 0 0 0 1 0 0 0
 0 1 0 0 0 0 0 0 1 1 0 0 1 1 1 1 0 0 1 1 0 1 1 0 0 0 0 0 1 1 0 0 0 0 0 0 0
 0 1 1 0 0 1 0 0 1 0 0 0 1 1 0 1 0 0 0 0 0 0 0 0 0 0 0 1 0 1 0 0 1 1 1 0 0
 0 1 0 1 1 0 0 0 0 0 0 1 1 1 0 1 0 1 0 0 0 0 0 1 0 0 0 1 0 0 1 0 0 1 1 1 1
 0 0 1 1 1 0 1 0 1 0 0 0 0 1 0 1 1 1 1 1 1 0 0 0 1 1 0 1 0 1 1 1 0 1 0 1 1
 0 0 0 0 0 0 0 1 0 1 1 0 0 0 0 1 1 1 1 0 0 0 1 0 0 1 1 1 0 0 1 1 0 0 0 0 0
 1 1 0 1 0 1 0 1 0 0 1 0 0 0 1 1 0 1 1 1 1 0 1 1 0 1 0 1 0 1 1 1 0 0 0 0 0
 1 1 0 1 1 1 1 0 0 0 1 1 1 1 0 1 1 1 1 0 1 1 0 1 0 0 1 0 0 0 0 1 1 1 1 0 1
 0 1 0 0 0 0 1 0 0 1 0 0 0 0 0 0 0 0 1 0 0 1 1 1 0 1 0 0 0 1 1 1 0 1 1 0 0
 0 0 1 1 0 0 1 0 1 0 0 0 1 1 0 1 0 0 1 1 1 0 1 1 0 1 1 1 1 1 0 0 1 1 0 1 0
 0 0 0 0 0 0 1 0 0 1 0 0 1 1 1 0 1 0 0 0 1 1 0 0 0 1 0 0 0 0 1 1 1 0 1 1 1
 1 0 0 1 0 0 1 0 0 0 0 0 0 0 0 0 0 0 1 0 0 0 0 1 1 0 1 1 1]",,0.0795392367204457
SonyAIBORobotSurface2_1,"[0 0 1 0 1 0 0 0 1 0 0 0 1 1 1 0 0 0 0 0 0 0 1 1 1 1 0 1 0 0 0 1 0 1 1 0 0
 0 0 1 1 1 0 0 0 0 0 1 0 0 0 1 0 1 0 1 1 1 1 1 0 0 0 0 1 0 1 0 1 1 0 0 0 1
 0 0 1 0 0 1 0 1 0 1 1 0 0 0 1 0 0 0 0 0 1 0 0 1 1 0 0 0 1 1 0 1 1 0 1 0 1
 0 0 0 1 1 1 0 1 0 0 0 0 1 1 1 0 0 0 1 1 0 0 1 1 0 0 0 0 0 1 1 0 0 0 0 1 0
 1 0 0 1 0 1 0 1 0 1 0 1 0 0 0 0 1 0 1 0 1 1 1 1 1 0 0 0 0 1 1 0 0 0 0 1 0
 0 1 0 0 0 0 0 1 0 0 1 1 0 1 0 0 1 0 0 1 0 0 1 0 1 0 1 1 1 0 0 0 0 1 1 1 0
 0 0 1 0 0 0 0 0 1 0 0 0 0 0 0 1 0 0 1 1 0 0 1 0 1 1 1 1 0 1 1 0 0 0 0 0 0
 0 1 1 1 0 1 0 0 0 0 1 0 1 0 0 1 0 0 0 1 0 1 0 1 0 1 0 0 0 0 0 1 1 1 1 0 0
 0 1 1 0 0 0 1 1 1 0 0 0 0 0 0 0 1 0 0 0 1 0 1 0 0 1 0 1 0 0 0 1 0 1 1 0 0
 1 0 1 0 0 0 1 1 1 1 0 0 1 1 0 0 0 1 0 0 1 1 0 0 0 0 0 0 0 0 1 1 0 1 0 0 1
 1 1 0 0 0 0 1 1 1 1 0 0 0 0 0 0 1 1 0 1 0 0 0 0 0 0 0 1 0 1 1 0 0 0 1 0 0
 1 1 1 1 1 1 0 0 0 1 1 1 1 1 0 0 1 0 0 0 1 0 0 0 1 0 0 0 1 0 1 1 1 0 0 0 1
 1 1 1 0 0 1 1 0 1 1 1 0 0 1 1 0 0 0 1 0 1 0 0 1 0 0 1 1 0 0 0 0 0 0 0 0 1
 0 1 0 0 0 0 1 1 0 1 0 1 1 0 1 0 0 0 0 1 0 0 1 1 0 1 1 1 1 0 0 0 0 0 1 0 1
 1 0 1 0 0 0 1 1 0 1 0 1 1 1 0 0 1 0 0 0 1 0 1 0 0 0 0 0 0 0 0 1 1 1 0 0 1
 0 0 0 1 0 1 1 0 0 0 0 0 1 0 0 0 1 0 0 1 0 0 0 0 1 0 0 0 0 0 1 1 1 0 0 0 0
 0 0 1 1 1 0 0 1 0 0 0 0 1 0 0 0 0 0 0 1 1 0 1 1 1 1 0 0 1 1 0 1 0 1 0 1 0
 0 1 1 0 0 1 0 0 1 1 0 0 1 0 0 0 0 0 1 1 0 0 0 0 1 1 0 1 0 0 1 0 0 1 1 0 1
 1 0 0 0 0 1 1 0 0 0 1 0 0 1 1 1 0 0 1 0 1 0 0 0 1 1 1 0 0 1 1 1 1 0 1 1 0
 1 0 0 0 1 1 0 1 0 0 1 1 0 0 1 1 0 1 1 1 0 0 0 1 0 0 0 0 0 1 0 0 0 1 0 1 1
 0 0 0 0 0 0 0 0 0 0 1 0 0 0 0 0 0 0 1 0 1 0 0 1 1 1 1 0 1 0 1 0 0 1 0 1 1
 1 0 0 0 0 0 0 0 1 1 0 1 1 1 1 1 1 0 0 1 0 0 0 0 0 1 0 1 0 0 1 0 0 0 0 0 0
 1 1 1 0 1 1 1 0 0 0 0 0 1 1 0 1 1 0 0 0 1 0 1 1 0 1 1 0 0 1 1 0 0 0 0 1 0
 1 0 0 0 1 1 1 1 0 0 1 1 1 0 0 0 0 1 1 0 0 1 0 0 0 1 0 0 0 1 0 1 0 1 0 1 0
 1 1 0 0 0 1 0 0 1 0 1 0 0 1 0 0 0 0 0 1 0 0 1 0 0 1 0 1 0 0 0 1 0 0 0 1 0
 0 0 0 0 1 0 1 1 0 1 1 0 1 1 1 0 0 1 1 0 0 1 0 0 1 1 0 0 0 0 0 1 0 1 0 1 1
 1 0 0 0 0 0 0 0 1 1 1 0 1 0 0 0 0 1]",,0.38048901554804826
Strawberry_1,"[1 0 1 1 1 0 1 1 1 0 1 1 0 1 1 1 1 1 1 0 1 1 1 0 0 1 0 1 1 0 1 1 1 1 1 0 1
 1 1 1 1 1 1 1 0 1 1 1 1 0 1 0 1 1 1 0 0 0 0 0 0 0 0 0 0 0 0 0 0 0 0 0 1 1
 1 1 1 1 1 1 0 0 0 0 0 0 0 0 0 0 0 0 0 0 0 0 0 0 0 0 0 0 0 0 0 0 0 0 0 0 0
 0 0 0 0 0 0 0 0 0 0 0 0 0 0 0 0 0 0 0 0 0 0 0 0 0 0 0 0 0 0 0 0 0 0 0 0 1
 0 1 0 0 1 0 0 0 0 0 0 0 0 0 0 0 0 0 0 0 0 0 0 0 0 0 0 0 0 0 0 0 0 0 0 0 0
 0 0 0 0 0 0 0 0 0 0 0 0 0 0 0 0 0 0 0 0 0 0 0 0 0 0 0 0 0 0 1 1 1 1 0 0 0
 0 0 0 0 0 1 0 0 0 0 0 1 1 0 0 0 0 0 0 0 1 1 0 0 0 1 1 1 0 0 0 0 0 0 0 1 0
 0 0 0 0 0 0 0 0 0 0 0 0 0 0 0 0 0 0 0 0 0 0 0 0 0 1 0 0 0 0 0 0 1 1 0 0 0
 0 0 0 0 0 0 0 0 0 0 0 0 0 0 0 0 0 0 0 0 0 0 0 0 1 0 1 1 1 1 1 0 1 1 1 1 1
 0 1 1 1 1 1 1 1 1 1 1 1 1 0 1 1 0 1 0 1 1 0 0 1 1 0 1 0 1 1 0 1 0 1 1 0 1
 1 1 1 0 0 0 0 0 0 0 0 0 0 0 0 0 0 0 0 0 0 0 0 0 0 0 0 0 0 0 0 0 0 0 0 0 0
 1 1 1 1 1 0 1 0 0 0 0 0 0 0 0 0 0 0 0 0 0 0 0 0 0 0 0 0 0 0 0 0 0 0 0 0 0
 0 0 0 0 0 0 0 0 0 0 0 0 0 0 0 0 0 0 0 0 0 0 0 0 0 0 0 0 0 0 0 0 0 0 0 0 1
 0 0 1 0 0 0 0 0 0 0 0 0 0 0 0 0 0 0 0 0 0 0 0 0 1 0 0 0 0 0 0 0 0 0 0 0 0
 0 0 0 0 0 1 0 0 0 0 0 0 0 0 0 0 0 0 1 1 0 0 0 0 0 0 0 0 0 0 1 1 1 0 0 0 0
 0 0 0 0 1 0 0 0 0 0 1 0 0 0 0 0 0 1 1 1 1 0 1 0 1 1 0 0 1 0 0 0 0 0 0 0 0
 0 0 0 0 0 0 0 0 0 0 0 0 0 0 0 0 0 0 0 0 0 0 0 0 0 0 0 0 0 0 0 0 0 0 0 0 0
 0 0 0 0 0 0 0 0 1 1 1 1 1 1 1 0 0 0 0 0 0 0 0 0 0 0 0 0 0 0 0 0 0 0 0 0 0
 0 0 0 0 0 0 0 0 0 0 0 0 0 0 1 0 0 0 0 0 0 0 0 0 0 0 0 0 0 0 0 0 0 0 0 0 0
 0 0 0 0 0 0 0 1 0 0 0 0 0 0 0 0 0 0 0 0 0 0 0 0 0 0 0 0 1 0 1 0 0 0 0 0 0
 0 0 0 0 0 0 0 0 0 0 0 0 0 0 0 0 0 0 0 0 0 0 0 0 0 1 0 0 0 0 0 0 0 0 1 1 1
 0 0 0 0 0 0 0 0 0 0 0 1 0 0 0 0 0 0 1 0 1 1 1 1 0 1 1 1 0 1 1 0 1 0 1 1 0
 0 0 0 0 0 0 0 0 0 0 0 0 0 0 0 0 0 0 0 0 0 0 0 1 0 0 0 0 0 1 1 0 0 0 0 0 0
 0 0 0 0 0 0 0 0 0 0 0 0 0 0 0 0 0 0 0 0 0 0 0 0 0 0 0 0 0 1 0 0 0 0 0 0 0
 0 0 0 0 0 0 0 0 0 0 0 0 0 0 0 0 0 0 0 0 1 1 1 1 1 1 1 0 0 1 1 1 1 0 1 1 1
 1 1 1 1 1 1 1 1 1 1 1 1 0 1 1 0 0 1 1 1 1 0 1 1 0 1 1 1 1 1 1 1 1 0 1 0 1
 0 1 0 0 0 0 0 0 0 0 0 0 0 0 0 0 0 0 0 0 1]",,-0.018415681
SwedishLeaf_1,[0 7 2 ... 5 1 3],,0.38808179153992484
Symbols_1,[5 1 1 ... 2 0 1],,0.9341254127577916
SyntheticControl_1,"[3 3 5 3 5 4 3 3 3 3 4 3 5 3 3 4 4 5 5 3 3 3 4 4 4 5 4 3 5 3 3 3 3 5 3 3 4
 3 5 4 4 5 3 3 3 3 5 3 3 3 0 0 0 0 0 0 0 0 0 0 0 0 0 0 0 0 0 0 0 0 0 0 0 0
 0 0 0 0 0 0 0 0 0 0 0 0 0 0 0 0 0 0 0 0 0 0 0 0 0 0 5 2 5 2 2 5 2 2 2 5 2
 2 5 5 2 2 2 2 2 5 2 2 2 2 2 2 2 5 5 2 2 5 2 5 2 2 5 2 2 5 2 2 2 2 5 5 2 2
 5 5 1 4 4 1 4 1 1 1 4 1 1 1 1 1 4 1 5 1 1 1 4 1 4 4 4 4 1 1 4 1 1 1 1 1 4
 4 4 4 4 1 1 4 1 1 1 1 4 4 4 1 5 5 5 5 3 4 5 5 5 4 5 4 4 5 4 4 2 5 5 4 5 5
 5 5 4 4 5 4 4 4 5 5 5 5 3 4 4 4 5 5 4 4 5 4 5 5 4 4 4 4 4 5 5 5 5 4 4 5 5
 4 4 4 5 5 4 5 5 5 5 4 4 4 5 4 5 4 4 4 4 4 4 4 4 4 4 5 5 5 5 5 4 4 4 5 4 5
 4 4 5 4 4 3 3 3 3 5 3 3 3 3 5 3 5 3 3 3 4 5 3 3 3 3 3 3 3 5 5 3 3 5 5 3 3
 5 3 3 3 3 3 3 3 3 3 5 3 3 3 5 3 3 0 0 0 0 0 0 0 0 0 0 0 0 0 0 0 0 0 0 0 0
 0 0 0 0 0 0 0 0 0 0 0 0 0 0 0 0 0 0 0 0 0 0 0 0 0 0 0 0 0 0 5 2 5 5 2 5 5
 2 5 2 5 2 2 2 2 5 2 5 2 2 2 2 2 2 5 5 2 5 5 2 2 2 2 2 5 5 5 3 2 2 5 2 5 2
 5 2 2 2 2 2 4 4 4 1 1 1 1 1 4 1 1 4 1 4 4 1 1 1 1 1 1 1 4 1 1 1 1 1 1 1 1
 4 4 1 1 1 1 4 1 1 1 4 1 1 4 4 1 4 1 4 4 5 4 4 5 4 4 4 4 5 5 5 5 4 4 4 5 4
 3 5 5 4 4 5 4 5 5 4 5 4 4 4 4 5 4 5 5 5 4 5 5 5 5 4 5 5 5 4 5 4 4 4 4 5 4
 5 4 4 4 4 5 4 5 4 4 4 4 4 4 4 5 4 5 4 4 4 4 4 5 4 4 5 3 4 5 4 5 4 5 5 4 5
 4 4 4 4 4 5 4 3]",,0.443847008889591
ToeSegmentation1_1,"[0 0 1 0 0 0 1 1 1 1 1 0 0 0 1 1 0 0 1 1 0 1 1 1 0 0 1 1 1 1 1 0 0 0 1 0 0
 0 1 1 0 0 0 1 0 1 0 0 0 0 0 0 1 1 0 1 0 1 0 1 0 0 0 0 0 0 1 0 0 1 0 0 0 0
 0 0 0 0 0 0 0 0 1 1 0 0 0 0 0 0 0 0 0 0 0 0 0 0 0 0 0 0 1 0 0 0 0 0 0 0 0
 0 0 0 1 1 0 0 0 0 0 0 0 0 0 0 0 0 1 1 0 1 0 0 0 0 0 0 0 0 0 0 0 0 0 0 0 0
 0 0 0 0 0 0 0 0 0 0 0 0 1 1 1 0 1 1 1 1 1 1 1 1 0 1 1 1 1 1 0 0 1 0 1 1 1
 1 0 1 0 0 1 1 0 0 0 1 1 1 1 0 1 1 0 0 1 1 1 1 1 1 1 1 0 1 1 1 0 1 1 0 1 1
 1 0 1 1 1 1 1 1 0 1 1 0 1 1 1 0 1 1 1 1 1 1 0 1 1 0 1 1 0 0 0 1 1 1 1 1 1
 1 0 1 0 1 0 1 1 1]",,0.34514237394217945
ToeSegmentation2_1,"[0 0 1 1 0 0 1 0 0 0 0 0 1 1 1 1 0 0 1 1 1 1 1 1 0 0 1 0 0 0 1 0 0 0 1 1 0
 0 0 0 0 0 0 0 0 1 0 0 0 0 0 0 0 0 0 1 0 0 0 0 0 0 1 1 0 1 0 0 0 0 0 1 0 0
 0 0 0 0 0 1 0 0 0 0 1 0 1 1 0 0 0 1 1 0 0 1 0 0 0 0 0 0 0 0 1 0 0 0 1 1 1
 0 0 0 0 0 0 0 0 0 0 0 0 1 0 0 0 1 1 1 1 0 1 1 0 1 1 0 0 1 0 0 1 1 1 1 1 1
 1 1 1 1 1 1 1 1 1 1 0 0 0 1 1 1 1 1]",,0.2694540383033121
Trace_1,"[2 1 3 0 2 3 3 2 2 3 3 3 3 0 3 2 0 1 3 3 3 3 0 1 2 1 3 3 1 3 2 2 3 3 1 2 2
 1 2 2 0 0 0 0 0 2 3 3 3 1 3 0 1 2 3 1 1 1 1 2 0 1 3 0 0 1 1 2 3 3 1 0 1 2
 0 3 2 2 0 0 2 0 2 0 0 0 3 2 1 2 3 3 3 2 0 2 1 3 2 1 0 2 0 1 2 0 1 1 1 3 0
 1 0 0 0 3 1 0 2 2 0 3 3 2 1 0 0 3 0 3 0 1 1 1 2 3 0 2 1 3 0 3 1 1 3 1 2 3
 3 0 1 3 1 2 0 2 0 2 0 0 0 2 0 1 3 2 1 2 1 2 2 1 0 3 2 1 1 3 0 1 1 2 3 2 1
 1 3 2 2 2 0 2 2 1 0 0 1 1 0 2]",,0.986598879940902
TwoLeadECG_1,[1 0 0 ... 0 1 1],,0.76429469863515
TwoPatterns_1,[1 1 0 ... 1 1 1],,0.4359746380576249
UMD_1,"[1 1 1 1 1 1 2 2 0 2 1 1 0 0 0 0 0 0 0 0 0 0 0 0 2 2 2 0 2 2 2 2 2 2 2 0 1
 1 1 1 1 1 1 1 1 1 1 1 1 1 1 1 1 1 1 1 1 1 1 1 2 2 1 2 2 2 1 2 2 2 2 2 2 0
 1 2 2 2 2 1 2 0 1 1 0 0 0 0 0 0 0 0 0 0 0 0 0 0 0 0 0 0 0 0 0 0 0 0 0 0 0
 0 0 0 0 0 0 0 0 0 0 0 0 0 0 0 0 0 0 0 0 0 2 2 2 2 2 2 2 1 1 2 2 1 2 2 2 2
 1 2 1 2 2 2 0 2 0 2 2 2 2 2 2 2 2 2 2 2 2 2 0 2 2 2 2 2 2 2 2 2]",,0.5755892382713451
UWaveGestureLibraryX_1,[2 7 5 ... 7 0 4],,0.1703167688171796
UWaveGestureLibraryY_1,[3 2 2 ... 6 0 1],,0.09404770289031675
UWaveGestureLibraryZ_1,[4 4 7 ... 7 2 3],,0.14339921271984718
Wafer_1,[0 1 1 ... 1 0 0],,-0.000104445
Wine_1,"[0 1 1 0 0 0 1 1 1 1 1 1 1 1 1 1 1 1 0 0 0 1 1 1 1 1 1 1 1 1 1 1 1 1 1 1 0
 0 0 0 0 0 0 0 0 1 1 1 0 0 0 1 1 1 1 1 1 1 1 1 0 0 0 1 1 1 1 1 1 0 0 0 1 1
 1 0 0 0 1 1 1 1 1 1 0 0 0 1 0 0 1 1 1 1 1 1 0 0 0 0 0 0 1 1 1 1 1 1 1 1 0]",,0.02104433307322881
WordSynonyms_1,"[ 6  8 20  9 24 17 24  6 22  5  0 19 14  7 12  8 17  1  9 24 13  8  9 13
 23 11  7 24 15  7  9 13 11 13 20 10 11  7  3  8  3 20  0 17 13 16  2 17
  5 15 16  7  0 21 12  2  4  8  6  8 15 17  6  1  4  9 11 13  8  8  4  2
  7 20 18  1 22 21 16  8  0 12  4 24 13  0 17 24  4 22 11  3 24 22 13 10
 21 11  3  1  4  7  5 17  0 14 14  5 14 16 19 24 11  3 10  7 11 11 15 10
 16  4  9  1  1 11 24 22  7 11  8 11  7 18  4 17 17 18 22  7 10 11  7 20
  3  0 24  3 21 15  1  5  3 20 10  5 10  3  6 13 14 21 12 10  6 16 22 22
  1 20 21 24  3 10  3 11  3 11 11  0 12  2 21  4  6 20 21  3  5 18  1  6
 13 13 11 16 22 12 10  4  4 22 13  4  4 13  8  5 21 13  9 12  3 20  8 10
 16  1 21 13 23 18  2 18  7  9  8 24  8 13 15 19  5 14  1 15 15  2 13 22
 16 10  8 12  4  5 13  3  3 14 18  1 23 17 18 24 24  3  8  9  1  0 20 18
 22 24 18 20 20  1 23 17 17  5  9  8  4  8 16  5 16 19  6 17  8 19  4 24
 20 17  1 21  1 23 20 11 24 15  2 20  7 16 17  0 15  2 13 20 11 20 15  8
  3 16 22 24 11 24 11 22 17 12 21  3  3 10  0 10  3  5  6  4 15 17 21  8
 22  8 22 11  6  2  3 11 12  1 24 23 16 24  3 16 22 13  4 12 15 23  9 13
  3  4 10 14  2 22  7  1 10  6  8 15 14  3 20 13 12 16 22  3 14  2  2 16
  1  8 24 11 16 11 15  1 21 12  6 24 11  6  2  9  2 12 17 14  2  1  2 17
  0 16 16  2 15 15  1 24 13 19 10  2 18  7 13  3 16  0  5 12  5 18 12 13
  7 13  1 24 10 11 23  3 13 17 13  2 22 16 14 24 18 17 11 11 21  7 10 20
 15 14  5  8  0 14 24 22  0  0 22 12 17 21 22  6 21  1  8 16  4 13 18  0
 15 20 17  5  0 13 18  3  6 17 20 16  4 13 19  2 19  3  6 18 18  8 12  4
 19  9 10  4  7 17 21 20  8  4 24  5 15  3 15 20  0  0  8 17 14 11  0 16
  9 16 16  6 16  7  2  4 17 22 18 18 21 20  9 19 22 12 20 12 15  9  9 15
 10 15 11  2  8 17 10 16  0 15 23 11  7 21 10 16  8  2 15  2  0  7 22 24
 14  5 17 14  7  8  1 23 11  8  1  8 14  9 11  8 13 17 16  7 24  5  0  5
 11 15 16 17 11  5 19  8  6  3 15 16 22 15  8  1  5  4 21  4  8 18 15 10
 14 16 16  2 17 11  1  1 13 22  6 15 22  1 11  3 20 24 14 18 12 13 17  8
 10 16 18 20 11 11 11  0 13  1  4  7 15 24 18  5  8  0  7  2 15 20  3  5
 16 15 13  0 13 16 16  1 14  7 11 16  3 15 13  7 16  2 16  7 17 12  1 10
  4 24 13 12  7 10  6  8 24 13 16  7  8  5 12  5  4 17  4 21  0 13  3  3
 18 12 19 11  6 11 16 23  6  3  1 22 11  4  7  1 21 15  6 12  5  8 22  0
 19 13  7  1  1  6  3  5 15 22 14 12 13  5 24  8 11 17 19  1 17  7 11 18
 20  0  1 18 15  0 16 12  9 22 21  1 22 20 17  1  5 17 13 13  8 11 18 24
  3 16 11 16 16 15  5 21  8  6 17  1 12 10 21 17 21 10  7  5  2 24 22 21
 15  1  5  8  8 13 15 19  5  0 22  1  5  2 24 20  8  7  3 21  8 13 11 20
  8  3  8 11  6 24 24 10  9  3 15  4 17 11 14  0 22 11 20  6 16 18 22  2
 16  6  2  3  7  9 11 17 13  7 12 24  2 16  6 16  4  7 16  9 15 10 15 24
  4 19  5  7 11  5 24 22 11  3  8 23  3 15  1 13  9]",,0.09895181250872082
WormsTwoClass_1,"[1 0 0 0 0 0 0 0 0 1 0 0 1 0 1 0 1 1 1 0 1 1 1 0 0 1 1 1 1 0 1 0 0 1 0 1 0
 1 0 0 1 1 1 1 1 1 0 0 1 1 1 1 1 1 0 0 1 0 1 1 1 1 1 1 0 0 0 0 0 1 0 0 1 1
 1 0 0 0 0 1 1 1 1 1 0 0 0 0 0 0 0 0 0 0 0 0 0 0 0 0 0 0 1 0 0 1 0 1 1 0 1
 0 0 0 0 0 0 0 0 1 0 1 0 1 0 0 1 0 0 0 1 0 0 0 0 0 0 1 1 1 0 0 1 1 1 0 1 0
 1 1 0 0 1 0 1 1 0 0 0 0 1 0 0 0 0 1 0 0 0 0 1 1 0 0 0 0 0 0 0 0 0 1 0 1 1
 0 1 1 0 1 0 1 0 1 1 0 0 1 1 1 1 1 0 1 1 0 1 0 1 0 0 1 1 1 1 1 1 1 1 1 0 1
 0 0 0 1 0 0 0 1 0 0 0 0 0 0 0 0 1 1 0 0 1 1 1 1 1 0 0 0 0 0 0 0 0 0 0 0]",,0.0971477281908612
Worms_1,"[4 0 3 0 3 0 0 0 0 1 1 3 4 3 4 3 4 1 4 3 4 1 4 3 3 1 4 4 4 0 4 0 3 1 2 1 3
 1 4 0 0 1 4 4 4 4 2 2 1 3 4 4 1 1 0 1 4 2 4 4 4 4 2 4 4 0 2 2 2 2 2 2 2 0
 2 2 2 2 2 2 2 0 1 1 2 0 3 3 0 3 0 0 0 2 2 3 3 3 3 1 3 3 2 3 3 1 3 1 1 0 1
 3 0 3 0 1 0 3 3 1 1 1 1 1 0 1 1 3 3 0 1 2 1 1 3 0 3 4 4 4 3 3 2 1 4 3 4 2
 1 0 2 3 2 2 2 1 0 3 0 0 2 3 3 3 3 0 0 3 1 3 1 0 0 1 2 3 3 3 1 3 1 1 1 0 1
 4 4 4 3 0 1 4 0 0 4 0 0 1 4 1 1 1 4 4 4 2 1 2 4 3 1 4 1 4 0 4 1 2 4 2 2 2
 2 2 2 3 2 0 2 0 3 3 3 0 3 0 0 3 0 0 0 0 1 1 1 0 1 0 1 3 3 3 3 3 0 0 3 2]",,0.13015899543900386
Yoga_1,[0 0 0 ... 0 0 0],,-0.001003926
